id	Counties	scale	rank
01001	Autauga	0.78 	4
01003	Baldwin	1.82 	4
01005	Barbour	0.19 	4
01007	Bibb	-0.15 	3
01009	Blount	0.23 	4
01011	Bullock	-1.08 	3
01013	Butler	-1.16 	3
01015	Calhoun	0.22 	4
01017	Chambers	-0.34 	3
01019	Cherokee	0.64 	4
01021	Chilton	0.38 	4
01023	Choctaw	0.92 	4
01025	Clarke	1.26 	4
01027	Clay	0.21 	4
01029	Cleburne	0.21 	4
01031	Coffee	-0.66 	3
01033	Colbert	0.70 	4
01035	Conecuh	-1.00 	3
01037	Coosa	1.59 	4
01039	Covington	-0.17 	3
01041	Crenshaw	-0.91 	3
01043	Cullman	0.64 	4
01045	Dale	-0.47 	3
01047	Dallas	-0.18 	3
01049	De kalb	-1.60 	3
01051	Elmore	2.11 	4
01053	Escambia	-0.03 	3
01055	Etowah	0.96 	4
01057	Fayette	-0.38 	3
01059	Franklin	0.16 	4
01061	Geneva	-0.51 	3
01063	Greene	-0.04 	3
01065	Hale	1.43 	4
01067	Henry	0.07 	4
01069	Houston	-0.79 	3
01071	Jackson	1.25 	4
01073	Jefferson	0.51 	4
01075	Lamar	-0.85 	3
01077	Lauderdale	0.90 	4
01079	Lawrence	0.54 	4
01081	Lee	-0.24 	3
01083	Limestone	-0.42 	3
01085	Lowndes	-0.41 	3
01087	Macon	-0.56 	3
01089	Madison	-1.25 	3
01091	Marengo	-0.72 	3
01093	Marion	-0.31 	3
01095	Marshall	0.37 	4
01097	Mobile	1.52 	4
01099	Monroe	1.27 	4
01101	Montgomery	-0.28 	3
01103	Morgan	1.09 	4
01105	Perry	0.84 	4
01107	Pickens	0.13 	4
01109	Pike	-0.93 	3
01111	Randolph	0.71 	4
01113	Russell	-0.24 	3
01115	St. Clair	1.39 	4
01117	Shelby	1.12 	4
01119	Sumter	-0.48 	3
01121	Talladega	1.34 	4
01123	Tallapoosa	2.19 	4
01125	Tuscaloosa	0.50 	4
01127	Walker	0.51 	4
01129	Washington	-0.49 	3
01131	Wilcox	1.58 	4
01133	Winston	0.88 	4
04001	Apache	3.45 	5
04003	Cochise	7.13 	7
04005	Coconino	4.93 	6
04007	Gila	7.50 	7
04009	Graham	5.20 	6
04011	Greenlee	5.18 	6
04012	La paz	4.24 	5
04013	Maricopa	4.87 	6
04015	Mohave	5.84 	6
04017	Navajo	1.91 	4
04019	Pima	4.04 	5
04021	Pinal	3.36 	5
04023	Santa cruz	5.95 	6
04025	Yavapai	5.21 	6
04027	Yuma	4.24 	5
05001	Arkansas	-0.87 	3
05003	Ashley	-1.12 	3
05005	Baxter	2.64 	5
05007	Benton	2.39 	5
05009	Boone	1.98 	4
05011	Bradley	-1.06 	3
05013	Calhoun	-1.35 	3
05015	Carroll	1.75 	4
05017	Chicot	-0.45 	3
05019	Clark	1.15 	4
05021	Clay	-2.30 	2
05023	Cleburne	2.19 	4
05025	Cleveland	-1.59 	3
05027	Columbia	-1.63 	3
05029	Conway	-0.42 	3
05031	Craighead	-2.24 	2
05033	Crawford	1.44 	4
05035	Crittenden	-1.05 	3
05037	Cross	-0.95 	3
05039	Dallas	-1.85 	3
05041	Desha	-1.04 	3
05043	Drew	-1.24 	3
05045	Faulkner	-0.08 	3
05047	Franklin	2.05 	4
05049	Fulton	0.51 	4
05051	Garland	1.64 	4
05053	Grant	-1.77 	3
05055	Greene	-2.00 	3
05057	Hempstead	-0.65 	3
05059	Hot spring	0.49 	4
05061	Howard	0.99 	4
05063	Independence	0.09 	4
05065	Izard	1.44 	4
05067	Jackson	-1.85 	3
05069	Jefferson	-1.08 	3
05071	Johnson	2.37 	5
05073	Lafayette	-0.59 	3
05075	Lawrence	-0.10 	3
05077	Lee	-0.42 	3
05079	Lincoln	-1.24 	3
05081	Little river	-0.06 	3
05083	Logan	1.75 	4
05085	Lonoke	-0.79 	3
05087	Madison	-0.43 	3
05089	Marion	2.74 	5
05091	Miller	-0.30 	3
05093	Mississippi	-1.76 	3
05095	Monroe	-1.13 	3
05097	Montgomery	1.32 	4
05099	Nevada	-2.12 	3
05101	Newton	-0.26 	3
05103	Ouachita	-0.88 	3
05105	Perry	0.89 	4
05107	Phillips	-0.68 	3
05109	Pike	1.15 	4
05111	Poinsett	-2.26 	2
05113	Polk	1.08 	4
05115	Pope	2.29 	4
05117	Prairie	-0.86 	3
05119	Pulaski	0.85 	4
05121	Randolph	-0.32 	3
05123	St. Francis	-1.28 	3
05125	Saline	0.49 	4
05127	Scott	1.02 	4
05129	Searcy	1.26 	4
05131	Sebastian	1.10 	4
05133	Sevier	-0.13 	3
05135	Sharp	0.49 	4
05137	Stone	1.55 	4
05139	Union	-0.50 	3
05141	Van buren	2.41 	5
05143	Washington	1.22 	4
05145	White	-0.84 	3
05147	Woodruff	-1.47 	3
05149	Yell	1.63 	4
06001	Alameda	5.13 	6
06003	Alpine	7.41 	7
06005	Amador	7.23 	7
06007	Butte	5.11 	6
06009	Calaveras	8.27 	7
06011	Colusa	4.34 	5
06013	Contra costa	8.36 	7
06015	Del norte	10.75 	7
06017	El dorado	6.10 	6
06019	Fresno	6.03 	6
06021	Glenn	4.38 	5
06023	Humboldt	11.15 	7
06025	Imperial	6.45 	6
06027	Inyo	7.08 	7
06029	Kern	4.84 	6
06031	Kings	3.48 	5
06033	Lake	6.55 	6
06035	Lassen	6.35 	6
06037	Los angeles	10.33 	7
06039	Madera	6.00 	6
06041	Marin	8.14 	7
06043	Mariposa	8.25 	7
06045	Mendocino	10.93 	7
06047	Merced	4.51 	5
06049	Modoc	4.99 	6
06051	Mono	8.21 	7
06053	Monterey	9.24 	7
06055	Napa	7.53 	7
06057	Nevada	7.26 	7
06059	Orange	8.74 	7
06061	Placer	6.00 	6
06063	Plumas	6.55 	6
06065	Riverside	6.64 	6
06067	Sacramento	3.65 	5
06069	San benito	5.20 	6
06071	San bernardi	3.57 	5
06073	San diego	9.78 	7
06075	San francisc	10.52 	7
06077	San joaquin	4.77 	6
06079	San luis obi	7.87 	7
06081	San mateo	8.19 	7
06083	Santa barbar	10.97 	7
06085	Santa clara	5.95 	6
06087	Santa cruz	8.49 	7
06089	Shasta	5.69 	6
06091	Sierra	5.90 	6
06093	Siskiyou	3.36 	5
06095	Solano	5.88 	6
06097	Sonoma	7.93 	7
06099	Stanislaus	7.21 	7
06101	Sutter	1.72 	4
06103	Tehama	3.24 	5
06105	Trinity	4.07 	5
06107	Tulare	5.65 	6
06109	Tuolumne	7.10 	7
06111	Ventura	11.17 	7
06113	Yolo	5.10 	6
06115	Yuba	4.97 	6
08001	Adams	2.48 	5
08003	Alamosa	1.59 	4
08005	Arapahoe	2.35 	5
08007	Archuleta	5.58 	6
08009	Baca	0.48 	4
08011	Bent	2.45 	5
08013	Boulder	5.82 	6
08015	Chaffee	6.46 	6
08017	Cheyenne	-0.04 	3
08019	Clear creek	6.96 	7
08021	Conejos	4.98 	6
08023	Costilla	4.96 	6
08025	Crowley	2.60 	5
08027	Custer	5.61 	6
08029	Delta	3.64 	5
08031	Denver	2.88 	5
08033	Dolores	4.38 	5
08035	Douglas	5.15 	6
08037	Eagle	4.57 	5
08039	Elbert	0.90 	4
08041	El paso	5.15 	6
08043	Fremont	4.82 	6
08045	Garfield	3.81 	5
08047	Gilpin	6.97 	7
08049	Grand	7.47 	7
08051	Gunnison	4.94 	6
08053	Hinsdale	6.90 	7
08055	Huerfano	5.20 	6
08057	Jackson	6.45 	6
08059	Jefferson	5.61 	6
08061	Kiowa	2.31 	4
08063	Kit carson	-0.01 	3
08065	Lake	8.52 	7
08067	La plata	5.83 	6
08069	Larimer	5.62 	6
08071	Las animas	3.60 	5
08073	Lincoln	1.05 	4
08075	Logan	1.29 	4
08077	Mesa	2.26 	4
08079	Mineral	5.79 	6
08081	Moffat	4.14 	5
08083	Montezuma	4.41 	5
08085	Montrose	2.94 	5
08087	Morgan	1.43 	4
08089	Otero	2.24 	4
08091	Ouray	6.08 	6
08093	Park	7.11 	7
08095	Phillips	-0.71 	3
08097	Pitkin	6.14 	6
08099	Prowers	1.13 	4
08101	Pueblo	2.11 	4
08103	Rio blanco	3.59 	5
08105	Rio grande	5.26 	6
08107	Routt	5.29 	6
08109	Saguache	4.91 	6
08111	San juan	7.16 	7
08113	San miguel	5.14 	6
08115	Sedgwick	0.92 	4
08117	Summit	8.08 	7
08119	Teller	6.29 	6
08121	Washington	0.58 	4
08123	Weld	1.70 	4
08125	Yuma	0.30 	4
09001	Fairfield	2.25 	4
09003	Hartford	1.05 	4
09005	Litchfield	1.04 	4
09007	Middlesex	2.32 	4
09009	New haven	2.52 	5
09011	New london	2.43 	5
09013	Tolland	1.48 	4
09015	Windham	1.28 	4
10001	Kent	-0.07 	3
10003	New castle	0.01 	3
10005	Sussex	0.05 	3
11001	District columbia	-0.76 	3
12001	Alachua	2.44 	5
12003	Baker	0.65 	4
12005	Bay	2.15 	4
12007	Bradford	1.34 	4
12009	Brevard	3.93 	5
12011	Broward	4.98 	6
12013	Calhoun	1.12 	4
12015	Charlotte	5.10 	6
12017	Citrus	3.43 	5
12019	Clay	2.01 	4
12021	Collier	5.00 	6
12023	Columbia	0.59 	4
12025	Dade	5.48 	6
12027	De soto	2.74 	5
12029	Dixie	2.42 	5
12031	Duval	2.31 	4
12033	Escambia	2.34 	5
12035	Flagler	2.70 	5
12037	Franklin	2.66 	5
12039	Gadsden	1.65 	4
12041	Gilchrist	1.21 	4
12043	Glades	5.15 	6
12045	Gulf	2.25 	4
12047	Hamilton	0.58 	4
12049	Hardee	2.25 	4
12051	Hendry	4.22 	5
12053	Hernando	3.71 	5
12055	Highlands	4.14 	5
12057	Hillsborough	4.32 	5
12059	Holmes	0.89 	4
12061	Indian river	4.72 	6
12063	Jackson	1.76 	4
12065	Jefferson	2.00 	4
12067	Lafayette	0.84 	4
12069	Lake	3.40 	5
12071	Lee	5.23 	6
12073	Leon	1.75 	4
12075	Levy	2.47 	5
12077	Liberty	0.36 	4
12079	Madison	1.30 	4
12081	Manatee	4.66 	6
12083	Marion	2.59 	5
12085	Martin	5.34 	6
12087	Monroe	6.05 	6
12089	Nassau	2.04 	4
12091	Okaloosa	2.01 	4
12093	Okeechobee	4.70 	6
12095	Orange	2.96 	5
12097	Osceola	4.50 	5
12099	Palm beach	5.14 	6
12101	Pasco	3.37 	5
12103	Pinellas	5.05 	6
12105	Polk	3.98 	5
12107	Putnam	2.35 	5
12109	St. Johns	2.98 	5
12111	St. Lucie	5.03 	6
12113	Santa rosa	1.94 	4
12115	Sarasota	4.78 	6
12117	Seminole	3.14 	5
12119	Sumter	2.84 	5
12121	Suwannee	0.70 	4
12123	Taylor	2.32 	4
12125	Union	1.60 	4
12127	Volusia	3.45 	5
12129	Wakulla	1.95 	4
12131	Walton	2.18 	4
12133	Washington	1.95 	4
13001	Appling	0.06 	4
13003	Atkinson	0.24 	4
13005	Bacon	-0.47 	3
13007	Baker	-0.07 	3
13009	Baldwin	2.09 	4
13011	Banks	-1.21 	3
13013	Barrow	-0.70 	3
13015	Bartow	1.17 	4
13017	Ben hill	-0.10 	3
13019	Berrien	0.32 	4
13021	Bibb	1.81 	4
13023	Bleckley	0.15 	4
13025	Brantley	0.05 	3
13027	Brooks	0.35 	4
13029	Bryan	0.70 	4
13031	Bulloch	0.19 	4
13033	Burke	-0.77 	3
13035	Butts	1.86 	4
13037	Calhoun	0.21 	4
13039	Camden	1.88 	4
13043	Candler	0.39 	4
13045	Carroll	-0.11 	3
13047	Catoosa	-0.54 	3
13049	Charlton	-0.36 	3
13051	Chatham	1.76 	4
13053	Chattahooche	-0.35 	3
13055	Chattooga	-1.08 	3
13057	Cherokee	1.93 	4
13059	Clarke	-0.71 	3
13061	Clay	1.34 	4
13063	Clayton	-0.32 	3
13065	Clinch	0.31 	4
13067	Cobb	-0.17 	3
13069	Coffee	-0.49 	3
13071	Colquitt	0.26 	4
13073	Columbia	0.79 	4
13075	Cook	0.70 	4
13077	Coweta	-0.28 	3
13079	Crawford	0.97 	4
13081	Crisp	0.36 	4
13083	Dade	-0.39 	3
13085	Dawson	2.48 	5
13087	Decatur	1.04 	4
13089	De kalb	-0.30 	3
13091	Dodge	-0.08 	3
13093	Dooly	-0.12 	3
13095	Dougherty	-0.31 	3
13097	Douglas	-0.45 	3
13099	Early	0.16 	4
13101	Echols	0.73 	4
13103	Effingham	-0.10 	3
13105	Elbert	-0.34 	3
13107	Emanuel	-0.16 	3
13109	Evans	0.28 	4
13111	Fannin	2.78 	5
13113	Fayette	-0.24 	3
13115	Floyd	0.33 	4
13117	Forsyth	0.99 	4
13119	Franklin	-0.50 	3
13121	Fulton	-0.24 	3
13123	Gilmer	2.33 	4
13125	Glascock	-0.78 	3
13127	Glynn	2.06 	4
13129	Gordon	-0.52 	3
13131	Grady	0.16 	4
13133	Greene	2.34 	5
13135	Gwinnett	-0.35 	3
13137	Habersham	1.22 	4
13139	Hall	0.96 	4
13141	Hancock	1.52 	4
13143	Haralson	-0.39 	3
13145	Harris	0.18 	4
13147	Hart	0.62 	4
13149	Heard	0.22 	4
13151	Henry	-0.53 	3
13153	Houston	-0.04 	3
13155	Irwin	0.23 	4
13157	Jackson	-1.20 	3
13159	Jasper	1.46 	4
13161	Jeff davis	-0.60 	3
13163	Jefferson	-0.46 	3
13165	Jenkins	-0.22 	3
13167	Johnson	-0.01 	3
13169	Jones	0.98 	4
13171	Lamar	-0.57 	3
13173	Lanier	0.94 	4
13175	Laurens	0.01 	3
13177	Lee	0.22 	4
13179	Liberty	1.46 	4
13181	Lincoln	1.13 	4
13183	Long	-0.04 	3
13185	Lowndes	0.27 	4
13187	Lumpkin	1.28 	4
13189	Mc duffie	1.96 	4
13191	Mc intosh	2.00 	4
13193	Macon	-0.54 	3
13195	Madison	-1.05 	3
13197	Marion	-0.86 	3
13199	Meriwether	-0.59 	3
13201	Miller	-1.12 	3
13205	Mitchell	-0.45 	3
13207	Monroe	1.13 	4
13209	Montgomery	0.07 	4
13211	Morgan	0.37 	4
13213	Murray	1.16 	4
13215	Muscogee	0.08 	4
13217	Newton	1.45 	4
13219	Oconee	-1.04 	3
13221	Oglethorpe	-1.15 	3
13223	Paulding	0.44 	4
13225	Peach	-0.64 	3
13227	Pickens	1.56 	4
13229	Pierce	-0.63 	3
13231	Pike	-0.63 	3
13233	Polk	0.21 	4
13235	Pulaski	0.28 	4
13237	Putnam	2.34 	5
13239	Quitman	1.05 	4
13241	Rabun	3.11 	5
13243	Randolph	-0.49 	3
13245	Richmond	0.02 	3
13247	Rockdale	0.14 	4
13249	Schley	-1.42 	3
13251	Screven	-0.02 	3
13253	Seminole	0.87 	4
13255	Spalding	-0.33 	3
13257	Stephens	0.53 	4
13259	Stewart	0.01 	3
13261	Sumter	0.23 	4
13263	Talbot	1.10 	4
13265	Taliaferro	-0.13 	3
13267	Tattnall	0.54 	4
13269	Taylor	-0.62 	3
13271	Telfair	-0.36 	3
13273	Terrell	-0.21 	3
13275	Thomas	0.29 	4
13277	Tift	0.33 	4
13279	Toombs	0.24 	4
13281	Towns	3.18 	5
13283	Treutlen	0.02 	3
13285	Troup	0.93 	4
13287	Turner	0.11 	4
13289	Twiggs	-0.11 	3
13291	Union	2.94 	5
13293	Upson	1.37 	4
13295	Walker	-0.40 	3
13297	Walton	-0.94 	3
13299	Ware	-0.17 	3
13301	Warren	1.04 	4
13303	Washington	-0.21 	3
13305	Wayne	-0.12 	3
13307	Webster	-0.55 	3
13309	Wheeler	0.07 	4
13311	White	1.55 	4
13313	Whitfield	-0.36 	3
13315	Wilcox	-0.29 	3
13317	Wilkes	0.65 	4
13319	Wilkinson	1.54 	4
13321	Worth	0.06 	4
16001	Ada	1.87 	4
16003	Adams	3.83 	5
16005	Bannock	1.73 	4
16007	Bear lake	3.62 	5
16009	Benewah	3.10 	5
16011	Bingham	1.91 	4
16013	Blaine	2.94 	5
16015	Boise	3.40 	5
16017	Bonner	4.57 	5
16019	Bonneville	2.00 	4
16021	Boundary	2.61 	5
16023	Butte	0.07 	4
16025	Camas	2.70 	5
16027	Canyon	1.82 	4
16029	Caribou	3.08 	5
16031	Cassia	1.81 	4
16033	Clark	-0.06 	3
16035	Clearwater	2.33 	4
16037	Custer	0.86 	4
16039	Elmore	2.94 	5
16041	Franklin	1.68 	4
16043	Fremont	2.95 	5
16045	Gem	2.45 	5
16047	Gooding	0.76 	4
16049	Idaho	3.17 	5
16051	Jefferson	1.40 	4
16053	Jerome	0.63 	4
16055	Kootenai	3.50 	5
16057	Latah	1.13 	4
16059	Lemhi	0.43 	4
16061	Lewis	0.99 	4
16063	Lincoln	-0.41 	3
16065	Madison	0.92 	4
16067	Minidoka	1.42 	4
16069	Nez perce	1.41 	4
16071	Oneida	0.17 	4
16073	Owyhee	2.10 	4
16075	Payette	1.79 	4
16077	Power	2.04 	4
16079	Shoshone	3.64 	5
16081	Teton	1.90 	4
16083	Twin falls	0.96 	4
16085	Valley	4.59 	5
16087	Washington	2.17 	4
17001	Adams	-2.10 	3
17003	Alexander	0.95 	4
17005	Bond	-2.01 	3
17007	Boone	-3.32 	2
17009	Brown	-2.39 	2
17011	Bureau	-3.05 	2
17013	Calhoun	-0.75 	3
17015	Carroll	-0.08 	3
17017	Cass	-1.94 	3
17019	Champaign	-4.55 	1
17021	Christian	-2.19 	3
17023	Clark	-2.35 	2
17025	Clay	-3.01 	2
17027	Clinton	-0.72 	3
17029	Coles	-2.99 	2
17031	Cook	-1.04 	3
17033	Crawford	-2.44 	2
17035	Cumberland	-2.80 	2
17037	De kalb	-3.58 	2
17039	De witt	-2.52 	2
17041	Douglas	-3.50 	2
17043	Du page	-2.33 	2
17045	Edgar	-3.65 	2
17047	Edwards	-2.90 	2
17049	Effingham	-2.81 	2
17051	Fayette	-1.97 	3
17053	Ford	-4.02 	2
17055	Franklin	-1.19 	3
17057	Fulton	-1.77 	3
17059	Gallatin	-0.19 	3
17061	Greene	-2.24 	2
17063	Grundy	-2.11 	3
17065	Hamilton	-2.97 	2
17067	Hancock	-1.63 	3
17069	Hardin	0.07 	4
17071	Henderson	-1.29 	3
17073	Henry	-3.43 	2
17075	Iroquois	-4.00 	2
17077	Jackson	0.71 	4
17079	Jasper	-2.25 	2
17081	Jefferson	-1.74 	3
17083	Jersey	-1.68 	3
17085	Jo daviess	-0.40 	3
17087	Johnson	0.28 	4
17089	Kane	-2.77 	2
17091	Kankakee	-3.30 	2
17093	Kendall	-2.85 	2
17095	Knox	-2.43 	2
17097	Lake	-0.30 	3
17099	La salle	-2.75 	2
17101	Lawrence	-2.34 	2
17103	Lee	-2.93 	2
17105	Livingston	-3.95 	2
17107	Logan	-3.89 	2
17109	Mc donough	-3.19 	2
17111	Mc henry	-2.40 	2
17113	Mc lean	-3.57 	2
17115	Macon	-2.79 	2
17117	Macoupin	-2.36 	2
17119	Madison	-1.69 	3
17121	Marion	-2.18 	3
17123	Marshall	-1.89 	3
17125	Mason	-1.86 	3
17127	Massac	-1.69 	3
17129	Menard	-3.04 	2
17131	Mercer	-2.47 	2
17133	Monroe	-0.06 	3
17135	Montgomery	-2.18 	3
17137	Morgan	-2.25 	2
17139	Moultrie	-1.96 	3
17141	Ogle	-2.82 	2
17143	Peoria	-2.41 	2
17145	Perry	-1.20 	3
17147	Piatt	-4.21 	2
17149	Pike	-1.88 	3
17151	Pope	-0.22 	3
17153	Pulaski	-1.43 	3
17155	Putnam	-1.52 	3
17157	Randolph	0.63 	4
17159	Richland	-2.20 	3
17161	Rock island	-1.87 	3
17163	St. Clair	-1.81 	3
17165	Saline	-0.41 	3
17167	Sangamon	-2.47 	2
17169	Schuyler	-2.08 	3
17171	Scott	-2.47 	2
17173	Shelby	-2.34 	2
17175	Stark	-3.87 	2
17177	Stephenson	-3.75 	2
17179	Tazewell	-2.55 	2
17181	Union	0.57 	4
17183	Vermilion	-3.21 	2
17185	Wabash	-1.68 	3
17187	Warren	-3.17 	2
17189	Washington	-2.23 	2
17191	Wayne	-2.61 	2
17193	White	-1.82 	3
17195	Whiteside	-2.32 	2
17197	Will	-2.41 	2
17199	Williamson	1.05 	4
17201	Winnebago	-2.50 	2
17203	Woodford	-2.26 	2
18001	Adams	-3.55 	2
18003	Allen	-2.97 	2
18005	Bartholomew	-2.38 	2
18007	Benton	-4.71 	1
18009	Blackford	-3.27 	2
18011	Boone	-3.68 	2
18013	Brown	-0.29 	3
18015	Carroll	-2.83 	2
18017	Cass	-3.04 	2
18019	Clark	-2.49 	2
18021	Clay	-2.56 	2
18023	Clinton	-4.37 	2
18025	Crawford	-0.20 	3
18027	Daviess	-1.70 	3
18029	Dearborn	-2.04 	3
18031	Decatur	-3.09 	2
18033	De kalb	-2.81 	2
18035	Delaware	-2.60 	2
18037	Dubois	-0.34 	3
18039	Elkhart	-2.72 	2
18041	Fayette	-3.35 	2
18043	Floyd	-1.04 	3
18045	Fountain	-2.68 	2
18047	Franklin	-1.45 	3
18049	Fulton	-3.13 	2
18051	Gibson	-1.56 	3
18053	Grant	-3.54 	2
18055	Greene	-0.77 	3
18057	Hamilton	-2.53 	2
18059	Hancock	-3.58 	2
18061	Harrison	-0.78 	3
18063	Hendricks	-3.61 	2
18065	Henry	-2.61 	2
18067	Howard	-3.61 	2
18069	Huntington	-2.34 	2
18071	Jackson	-0.57 	3
18073	Jasper	-3.57 	2
18075	Jay	-3.98 	2
18077	Jefferson	-0.89 	3
18079	Jennings	-2.48 	2
18081	Johnson	-1.16 	3
18083	Knox	-1.98 	3
18085	Kosciusko	-2.25 	2
18087	Lagrange	-2.36 	2
18089	Lake	-1.14 	3
18091	La porte	-1.87 	3
18093	Lawrence	-0.35 	3
18095	Madison	-3.47 	2
18097	Marion	-2.51 	2
18099	Marshall	-2.41 	2
18101	Martin	-0.19 	3
18103	Miami	-2.83 	2
18105	Monroe	0.29 	4
18107	Montgomery	-3.35 	2
18109	Morgan	-0.88 	3
18111	Newton	-3.42 	2
18113	Noble	-1.93 	3
18115	Ohio	-0.49 	3
18117	Orange	0.21 	4
18119	Owen	-0.76 	3
18121	Parke	-2.30 	2
18123	Perry	-0.38 	3
18125	Pike	-1.75 	3
18127	Porter	-0.54 	3
18129	Posey	-1.53 	3
18131	Pulaski	-3.48 	2
18133	Putnam	-2.71 	2
18135	Randolph	-3.72 	2
18137	Ripley	-2.40 	2
18139	Rush	-3.97 	2
18141	St. Joseph	-2.51 	2
18143	Scott	-1.92 	3
18145	Shelby	-3.76 	2
18147	Spencer	-2.20 	3
18149	Starke	-2.85 	2
18151	Steuben	-1.61 	3
18153	Sullivan	-2.07 	3
18155	Switzerland	-0.20 	3
18157	Tippecanoe	-2.79 	2
18159	Tipton	-5.40 	1
18161	Union	-1.51 	3
18163	Vanderburgh	-2.48 	2
18165	Vermillion	-2.30 	2
18167	Vigo	-2.12 	3
18169	Wabash	-2.05 	3
18171	Warren	-3.25 	2
18173	Warrick	-1.81 	3
18175	Washington	-2.13 	3
18177	Wayne	-2.54 	2
18179	Wells	-3.73 	2
18181	White	-2.73 	2
18183	Whitley	-2.56 	2
19001	Adair	-1.59 	3
19003	Adams	-1.00 	3
19005	Allamakee	-0.27 	3
19007	Appanoose	-0.51 	3
19009	Audubon	-1.94 	3
19011	Benton	-3.66 	2
19013	Black hawk	-3.07 	2
19015	Boone	-3.35 	2
19017	Bremer	-3.16 	2
19019	Buchanan	-3.24 	2
19021	Buena vista	-2.44 	2
19023	Butler	-3.94 	2
19025	Calhoun	-2.73 	2
19027	Carroll	-1.70 	3
19029	Cass	-1.79 	3
19031	Cedar	-3.28 	2
19033	Cerro gordo	-2.96 	2
19035	Cherokee	-2.66 	2
19037	Chickasaw	-3.65 	2
19039	Clarke	-2.42 	2
19041	Clay	-2.52 	2
19043	Clayton	-1.01 	3
19045	Clinton	-2.35 	2
19047	Crawford	-1.89 	3
19049	Dallas	-2.56 	2
19051	Davis	-1.96 	3
19053	Decatur	-2.04 	3
19055	Delaware	-3.45 	2
19057	Des moines	-2.04 	3
19059	Dickinson	-1.51 	3
19061	Dubuque	-0.79 	3
19063	Emmet	-2.10 	3
19065	Fayette	-4.09 	2
19067	Floyd	-4.03 	2
19069	Franklin	-4.18 	2
19071	Fremont	-0.81 	3
19073	Greene	-2.37 	2
19075	Grundy	-4.86 	1
19077	Guthrie	-1.19 	3
19079	Hamilton	-3.74 	2
19081	Hancock	-4.06 	2
19083	Hardin	-3.63 	2
19085	Harrison	-1.06 	3
19087	Henry	-2.95 	2
19089	Howard	-4.16 	2
19091	Humboldt	-4.05 	2
19093	Ida	-2.14 	3
19095	Iowa	-3.84 	2
19097	Jackson	-0.85 	3
19099	Jasper	-3.19 	2
19101	Jefferson	-3.35 	2
19103	Johnson	-2.64 	2
19105	Jones	-3.45 	2
19107	Keokuk	-3.95 	2
19109	Kossuth	-4.47 	2
19111	Lee	-1.95 	3
19113	Linn	-2.83 	2
19115	Louisa	-1.83 	3
19117	Lucas	-2.61 	2
19119	Lyon	-4.49 	2
19121	Madison	-2.15 	3
19123	Mahaska	-1.82 	3
19125	Marion	-2.28 	2
19127	Marshall	-3.70 	2
19129	Mills	-1.00 	3
19131	Mitchell	-4.10 	2
19133	Monona	-1.03 	3
19135	Monroe	-2.36 	2
19137	Montgomery	-1.67 	3
19139	Muscatine	-2.37 	2
19141	Obrien	-4.23 	2
19143	Osceola	-3.19 	2
19145	Page	-1.83 	3
19147	Palo alto	-2.29 	2
19149	Plymouth	-2.69 	2
19151	Pocahontas	-2.95 	2
19153	Polk	-2.13 	3
19155	Pottawattami	-1.03 	3
19157	Poweshiek	-3.42 	2
19159	Ringgold	-1.90 	3
19161	Sac	-1.45 	3
19163	Scott	-2.39 	2
19165	Shelby	-2.01 	3
19167	Sioux	-3.70 	2
19169	Story	-3.54 	2
19171	Tama	-3.34 	2
19173	Taylor	-1.44 	3
19175	Union	-1.83 	3
19177	Van buren	-1.07 	3
19179	Wapello	-1.40 	3
19181	Warren	-2.16 	3
19183	Washington	-3.28 	2
19185	Wayne	-1.90 	3
19187	Webster	-3.20 	2
19189	Winnebago	-3.81 	2
19191	Winneshiek	-4.44 	2
19193	Woodbury	-1.51 	3
19195	Worth	-3.51 	2
19197	Wright	-3.56 	2
20001	Allen	-1.43 	3
20003	Anderson	-2.42 	2
20005	Atchison	-0.76 	3
20007	Barber	-1.28 	3
20009	Barton	-0.88 	3
20011	Bourbon	-1.85 	3
20013	Brown	-2.64 	2
20015	Butler	0.58 	4
20017	Chase	-0.88 	3
20019	Chautauqua	0.23 	4
20021	Cherokee	-0.98 	3
20023	Cheyenne	-0.14 	3
20025	Clark	0.22 	4
20027	Clay	-0.80 	3
20029	Cloud	-1.49 	3
20031	Coffey	-0.95 	3
20033	Comanche	-1.26 	3
20035	Cowley	-1.25 	3
20037	Crawford	-1.00 	3
20039	Decatur	-0.83 	3
20041	Dickinson	-0.96 	3
20043	Doniphan	-2.07 	3
20045	Douglas	0.36 	4
20047	Edwards	-3.01 	2
20049	Elk	0.13 	4
20051	Ellis	-2.31 	2
20053	Ellsworth	-0.19 	3
20055	Finney	-0.35 	3
20057	Ford	-0.84 	3
20059	Franklin	-1.97 	3
20061	Geary	0.39 	4
20063	Gove	-1.79 	3
20065	Graham	-1.28 	3
20067	Grant	-0.97 	3
20069	Gray	-0.96 	3
20071	Greeley	-1.80 	3
20073	Greenwood	0.66 	4
20075	Hamilton	-0.59 	3
20077	Harper	-1.26 	3
20079	Harvey	-1.71 	3
20081	Haskell	-0.61 	3
20083	Hodgeman	-0.94 	3
20085	Jackson	-2.85 	2
20087	Jefferson	-1.06 	3
20089	Jewell	-0.20 	3
20091	Johnson	-1.69 	3
20093	Kearny	-0.36 	3
20095	Kingman	-0.77 	3
20097	Kiowa	-2.08 	3
20099	Labette	-1.05 	3
20101	Lane	-0.90 	3
20103	Leavenworth	-0.35 	3
20105	Lincoln	-1.33 	3
20107	Linn	-1.53 	3
20109	Logan	-1.43 	3
20111	Lyon	-0.48 	3
20113	Mcpherson	-1.81 	3
20115	Marion	-0.81 	3
20117	Marshall	-1.38 	3
20119	Meade	-0.16 	3
20121	Miami	-1.15 	3
20123	Mitchell	0.32 	4
20125	Montgomery	-0.81 	3
20127	Morris	-0.40 	3
20129	Morton	-1.59 	3
20131	Nemaha	-3.62 	2
20133	Neosho	-1.01 	3
20135	Ness	-1.54 	3
20137	Norton	1.57 	4
20139	Osage	-1.17 	3
20141	Osborne	-1.07 	3
20143	Ottawa	-1.67 	3
20145	Pawnee	-2.07 	3
20147	Phillips	0.15 	4
20149	Pottawatomie	-0.09 	3
20151	Pratt	-1.42 	3
20153	Rawlins	-1.50 	3
20155	Reno	-0.42 	3
20157	Republic	-1.61 	3
20159	Rice	-1.62 	3
20161	Riley	-0.11 	3
20163	Rooks	-0.94 	3
20165	Rush	-2.57 	2
20167	Russell	0.12 	4
20169	Saline	-1.03 	3
20171	Scott	-1.50 	3
20173	Sedgwick	-0.70 	3
20175	Seward	-0.21 	3
20177	Shawnee	-1.76 	3
20179	Sheridan	-1.21 	3
20181	Sherman	-1.34 	3
20183	Smith	-0.94 	3
20185	Stafford	-1.52 	3
20187	Stanton	-1.59 	3
20189	Stevens	-1.18 	3
20191	Sumner	-1.15 	3
20193	Thomas	-1.58 	3
20195	Trego	0.81 	4
20197	Wabaunsee	0.40 	4
20199	Wallace	-1.45 	3
20201	Washington	-2.95 	2
20203	Wichita	-1.80 	3
20205	Wilson	-1.75 	3
20207	Woodson	-0.36 	3
20209	Wyandotte	-0.17 	3
21001	Adair	0.24 	4
21003	Allen	-1.50 	3
21005	Anderson	-0.45 	3
21007	Ballard	-0.55 	3
21009	Barren	-1.47 	3
21011	Bath	0.32 	4
21013	Bell	0.12 	4
21015	Boone	0.29 	4
21017	Bourbon	-3.18 	2
21019	Boyd	0.28 	4
21021	Boyle	-0.23 	3
21023	Bracken	0.50 	4
21025	Breathitt	-1.36 	3
21027	Breckinridge	0.35 	4
21029	Bullitt	-0.87 	3
21031	Butler	-0.06 	3
21033	Caldwell	-0.52 	3
21035	Calloway	-0.58 	3
21037	Campbell	0.39 	4
21039	Carlisle	-1.03 	3
21041	Carroll	0.37 	4
21043	Carter	0.12 	4
21045	Casey	-1.97 	3
21047	Christian	-0.63 	3
21049	Clark	-0.51 	3
21051	Clay	-1.46 	3
21053	Clinton	0.62 	4
21055	Crittenden	0.46 	4
21057	Cumberland	0.65 	4
21059	Daviess	-1.20 	3
21061	Edmonson	0.62 	4
21063	Elliott	0.29 	4
21065	Estill	0.55 	4
21067	Fayette	-2.39 	2
21069	Fleming	-0.86 	3
21071	Floyd	0.04 	3
21073	Franklin	-0.34 	3
21075	Fulton	-0.46 	3
21077	Gallatin	0.63 	4
21079	Garrard	-1.23 	3
21081	Grant	-0.93 	3
21083	Graves	-2.48 	2
21085	Grayson	0.21 	4
21087	Green	-3.72 	2
21089	Greenup	0.62 	4
21091	Hancock	0.48 	4
21093	Hardin	-0.69 	3
21095	Harlan	0.37 	4
21097	Harrison	-1.72 	3
21099	Hart	-0.07 	3
21101	Henderson	-0.72 	3
21103	Henry	-0.46 	3
21105	Hickman	-0.84 	3
21107	Hopkins	-0.21 	3
21109	Jackson	-0.82 	3
21111	Jefferson	0.32 	4
21113	Jessamine	-1.99 	3
21115	Johnson	0.64 	4
21117	Kenton	-1.62 	3
21119	Knott	0.07 	4
21121	Knox	-1.49 	3
21123	Larue	-1.22 	3
21125	Laurel	1.25 	4
21127	Lawrence	-0.19 	3
21129	Lee	0.53 	4
21131	Leslie	-0.41 	3
21133	Letcher	-0.74 	3
21135	Lewis	0.78 	4
21137	Lincoln	-1.25 	3
21139	Livingston	0.75 	4
21141	Logan	-0.75 	3
21143	Lyon	1.51 	4
21145	Mc cracken	-0.87 	3
21147	Mc creary	0.73 	4
21149	Mc lean	-1.52 	3
21151	Madison	-0.10 	3
21153	Magoffin	-1.67 	3
21155	Marion	-1.32 	3
21157	Marshall	-0.24 	3
21159	Martin	-0.92 	3
21161	Mason	0.40 	4
21163	Meade	0.76 	4
21165	Menifee	0.46 	4
21167	Mercer	-0.03 	3
21169	Metcalfe	-3.16 	2
21171	Monroe	-0.10 	3
21173	Montgomery	-1.12 	3
21175	Morgan	0.39 	4
21177	Muhlenberg	0.21 	4
21179	Nelson	-0.63 	3
21181	Nicholas	-1.43 	3
21183	Ohio	-0.21 	3
21185	Oldham	-0.85 	3
21187	Owen	-0.64 	3
21189	Owsley	-1.67 	3
21191	Pendleton	-0.74 	3
21193	Perry	-0.19 	3
21195	Pike	-0.18 	3
21197	Powell	-1.28 	3
21199	Pulaski	0.61 	4
21201	Robertson	-1.91 	3
21203	Rockcastle	-0.35 	3
21205	Rowan	0.97 	4
21207	Russell	1.33 	4
21209	Scott	-1.89 	3
21211	Shelby	-0.71 	3
21213	Simpson	-3.98 	2
21215	Spencer	0.39 	4
21217	Taylor	0.45 	4
21219	Todd	-0.98 	3
21221	Trigg	0.99 	4
21223	Trimble	0.31 	4
21225	Union	0.72 	4
21227	Warren	-0.68 	3
21229	Washington	-0.58 	3
21231	Wayne	0.89 	4
21233	Webster	-2.30 	2
21235	Whitley	1.15 	4
21237	Wolfe	-1.00 	3
21239	Woodford	-2.04 	3
22001	Acadia	-1.56 	3
22003	Allen	-2.38 	2
22005	Ascension	-1.22 	3
22007	Assumption	-0.22 	3
22009	Avoyelles	-0.50 	3
22011	Beauregard	-1.45 	3
22013	Bienville	-0.03 	3
22015	Bossier	0.25 	4
22017	Caddo	0.65 	4
22019	Calcasieu	-0.67 	3
22021	Caldwell	0.35 	4
22023	Cameron	0.77 	4
22025	Catahoula	0.08 	4
22027	Claiborne	0.08 	4
22029	Concordia	-0.18 	3
22031	De soto	0.37 	4
22033	East baton r	-0.73 	3
22035	East carroll	-1.24 	3
22037	East felicia	-1.46 	3
22039	Evangeline	-0.56 	3
22041	Franklin	-1.35 	3
22043	Grant	-0.20 	3
22045	Iberia	0.48 	4
22047	Iberville	-0.56 	3
22049	Jackson	0.20 	4
22051	Jefferson	0.18 	4
22053	Jefferson da	-1.04 	3
22055	Lafayette	-2.47 	2
22057	Lafourche	0.11 	4
22059	La salle	-0.02 	3
22061	Lincoln	-0.99 	3
22063	Livingston	0.07 	4
22065	Madison	-0.68 	3
22067	Morehouse	-1.85 	3
22069	Natchitoches	0.39 	4
22071	Orleans	0.14 	4
22073	Ouachita	0.51 	4
22075	Plaquemines	0.30 	4
22077	Pointe coupe	0.17 	4
22079	Rapides	-0.21 	3
22081	Red river	1.11 	4
22083	Richland	-1.75 	3
22085	Sabine	1.63 	4
22087	St. Bernard	0.37 	4
22089	St. Charles	-0.10 	3
22091	St. Helena	-2.02 	3
22093	St. James	-1.12 	3
22095	St john bapt	-0.34 	3
22097	St. Landry	-0.71 	3
22099	St. Martin	-0.34 	3
22101	St. Mary	0.85 	4
22103	St. Tammany	0.76 	4
22105	Tangipahoa	-0.28 	3
22107	Tensas	-0.47 	3
22109	Terrebonne	0.50 	4
22111	Union	0.22 	4
22113	Vermilion	0.44 	4
22115	Vernon	0.20 	4
22117	Washington	-1.57 	3
22119	Webster	0.71 	4
22121	West baton r	-0.01 	3
22123	West carroll	-2.79 	2
22125	West felicia	-0.27 	3
22127	Winn	-0.04 	3
23001	Androscoggin	-0.32 	3
23003	Aroostook	-0.14 	3
23005	Cumberland	1.05 	4
23007	Franklin	0.17 	4
23009	Hancock	1.87 	4
23011	Kennebec	-0.14 	3
23013	Knox	2.06 	4
23015	Lincoln	1.55 	4
23017	Oxford	1.28 	4
23019	Penobscot	-0.52 	3
23021	Piscataquis	1.20 	4
23023	Sagadahoc	1.05 	4
23025	Somerset	0.47 	4
23027	Waldo	0.20 	4
23029	Washington	2.69 	5
23031	York	0.86 	4
24001	Allegany	1.26 	4
24003	Anne arundel	0.71 	4
24005	Baltimore	-0.37 	3
24009	Calvert	0.65 	4
24011	Caroline	-1.68 	3
24013	Carroll	-1.34 	3
24015	Cecil	0.10 	4
24017	Charles	0.55 	4
24019	Dorchester	0.20 	4
24021	Frederick	0.10 	4
24023	Garrett	0.35 	4
24025	Harford	0.04 	3
24027	Howard	-1.42 	3
24029	Kent	-0.23 	3
24031	Montgomery	-0.57 	3
24033	Prince georg	-0.61 	3
24035	Queen annes	-0.08 	3
24037	St. Marys	0.53 	4
24039	Somerset	-0.04 	3
24041	Talbot	0.10 	4
24043	Washington	0.85 	4
24045	Wicomico	-0.70 	3
24047	Worcester	0.34 	4
24510	Baltimore city	-0.37 	3
25001	Barnstable	1.52 	4
25003	Berkshire	0.81 	4
25005	Bristol	0.54 	4
25007	Dukes	2.89 	5
25009	Essex	1.43 	4
25011	Franklin	0.00 	3
25013	Hampden	-0.08 	3
25015	Hampshire	-0.01 	3
25017	Middlesex	-1.12 	3
25019	Nantucket	2.89 	5
25021	Norfolk	-0.64 	3
25023	Plymouth	1.09 	4
25025	Suffolk	0.83 	4
25027	Worcester	0.24 	4
26001	Alcona	0.35 	4
26003	Alger	-0.91 	3
26005	Allegan	-0.52 	3
26007	Alpena	0.07 	4
26009	Antrim	0.58 	4
26011	Arenac	-1.04 	3
26013	Baraga	-0.55 	3
26015	Barry	-2.15 	3
26017	Bay	-1.53 	3
26019	Benzie	0.75 	4
26021	Berrien	-0.30 	3
26023	Branch	-2.45 	2
26025	Calhoun	-2.73 	2
26027	Cass	-2.14 	3
26029	Charlevoix	0.94 	4
26031	Cheboygan	0.08 	4
26033	Chippewa	-1.40 	3
26035	Clare	-2.36 	2
26037	Clinton	-3.49 	2
26039	Crawford	-2.37 	2
26041	Delta	-1.94 	3
26043	Dickinson	-3.58 	2
26045	Eaton	-3.14 	2
26047	Emmet	0.93 	4
26049	Genesee	-1.90 	3
26051	Gladwin	-2.23 	2
26053	Gogebic	-1.69 	3
26055	Grand traver	0.37 	4
26057	Gratiot	-3.92 	2
26059	Hillsdale	-2.40 	2
26061	Houghton	-0.58 	3
26063	Huron	-0.74 	3
26065	Ingham	-3.38 	2
26067	Ionia	-3.07 	2
26069	Iosco	-0.17 	3
26071	Iron	-2.88 	2
26073	Isabella	-3.10 	2
26075	Jackson	-2.45 	2
26077	Kalamazoo	-2.10 	3
26079	Kalkaska	-1.11 	3
26081	Kent	-2.28 	2
26083	Keweenaw	0.44 	4
26085	Lake	-1.68 	3
26087	Lapeer	-2.12 	3
26089	Leelanau	0.73 	4
26091	Lenawee	-2.31 	2
26093	Livingston	-1.82 	3
26095	Luce	-1.21 	3
26097	Mackinac	-0.95 	3
26099	Macomb	-1.24 	3
26101	Manistee	0.89 	4
26103	Marquette	-1.09 	3
26105	Mason	0.60 	4
26107	Mecosta	-1.94 	3
26109	Menominee	-1.61 	3
26111	Midland	-3.09 	2
26113	Missaukee	-1.95 	3
26115	Monroe	-1.43 	3
26117	Montcalm	-2.48 	2
26119	Montmorency	-0.92 	3
26121	Muskegon	-0.40 	3
26123	Newaygo	-1.30 	3
26125	Oakland	-1.78 	3
26127	Oceana	0.26 	4
26129	Ogemaw	-1.89 	3
26131	Ontonagon	-0.72 	3
26133	Osceola	-2.35 	2
26135	Oscoda	-1.37 	3
26137	Otsego	-0.89 	3
26139	Ottawa	-0.04 	3
26141	Presque isle	0.18 	4
26143	Roscommon	-1.20 	3
26145	Saginaw	-3.33 	2
26147	St. Clair	-1.25 	3
26149	St. Joseph	-2.40 	2
26151	Sanilac	-1.23 	3
26153	Schoolcraft	-1.05 	3
26155	Shiawassee	-3.48 	2
26157	Tuscola	-1.63 	3
26159	Van buren	-0.61 	3
26161	Washtenaw	-2.19 	3
26163	Wayne	-1.73 	3
26165	Wexford	-0.76 	3
27001	Aitkin	-1.74 	3
27003	Anoka	-2.41 	2
27005	Becker	-2.34 	2
27007	Beltrami	-2.89 	2
27009	Benton	-3.43 	2
27011	Big stone	-2.77 	2
27013	Blue earth	-2.48 	2
27015	Brown	-3.07 	2
27017	Carlton	-2.15 	3
27019	Carver	-2.70 	2
27021	Cass	-2.38 	2
27023	Chippewa	-3.42 	2
27025	Chisago	-2.23 	2
27027	Clay	-4.17 	2
27029	Clearwater	-2.96 	2
27031	Cook	2.99 	5
27033	Cottonwood	-2.35 	2
27035	Crow wing	-2.14 	3
27037	Dakota	-3.05 	2
27039	Dodge	-5.08 	1
27041	Douglas	-2.23 	2
27043	Faribault	-2.91 	2
27045	Fillmore	-2.93 	2
27047	Freeborn	-2.38 	2
27049	Goodhue	-1.38 	3
27051	Grant	-2.69 	2
27053	Hennepin	-2.15 	3
27055	Houston	-1.52 	3
27057	Hubbard	-3.24 	2
27059	Isanti	-2.66 	2
27061	Itasca	-2.36 	2
27063	Jackson	-2.05 	3
27065	Kanabec	-3.04 	2
27067	Kandiyohi	-2.60 	2
27069	Kittson	-4.90 	1
27071	Koochiching	-4.20 	2
27073	Lac qui parl	-3.43 	2
27075	Lake	0.24 	4
27077	Lake of the	-3.09 	2
27079	Le sueur	-2.17 	3
27081	Lincoln	-2.16 	3
27083	Lyon	-2.70 	2
27085	Mc leod	-2.93 	2
27087	Mahnomen	-3.09 	2
27089	Marshall	-4.05 	2
27091	Martin	-2.48 	2
27093	Meeker	-2.65 	2
27095	Mille lacs	-1.74 	3
27097	Morrison	-3.09 	2
27099	Mower	-5.18 	1
27101	Murray	-2.21 	3
27103	Nicollet	-2.58 	2
27105	Nobles	-2.48 	2
27107	Norman	-5.37 	1
27109	Olmsted	-3.96 	2
27111	Otter tail	-2.41 	2
27113	Pennington	-4.97 	1
27115	Pine	-2.77 	2
27117	Pipestone	-4.13 	2
27119	Polk	-3.76 	2
27121	Pope	-2.45 	2
27123	Ramsey	-2.08 	3
27125	Red lake	-6.40 	1
27127	Redwood	-3.67 	2
27129	Renville	-3.90 	2
27131	Rice	-2.20 	3
27133	Rock	-4.25 	2
27135	Roseau	-4.30 	2
27137	St. Louis	-0.66 	3
27139	Scott	-2.95 	2
27141	Sherburne	-2.88 	2
27143	Sibley	-3.10 	2
27145	Stearns	-2.87 	2
27147	Steele	-3.05 	2
27149	Stevens	-3.31 	2
27151	Swift	-3.74 	2
27153	Todd	-2.84 	2
27155	Traverse	-3.57 	2
27157	Wabasha	-1.13 	3
27159	Wadena	-3.74 	2
27161	Waseca	-2.36 	2
27163	Washington	-0.63 	3
27165	Watonwan	-2.85 	2
27167	Wilkin	-6.10 	1
27169	Winona	-1.61 	3
27171	Wright	-2.50 	2
27173	Yellow medic	-3.98 	2
28001	Adams	0.12 	4
28003	Alcorn	-1.30 	3
28005	Amite	-1.01 	3
28007	Attala	0.02 	3
28009	Benton	-1.04 	3
28011	Bolivar	-0.57 	3
28013	Calhoun	0.23 	4
28015	Carroll	-1.02 	3
28017	Chickasaw	-0.98 	3
28019	Choctaw	-0.16 	3
28021	Claiborne	-0.35 	3
28023	Clarke	0.42 	4
28025	Clay	-0.36 	3
28027	Coahoma	-0.65 	3
28029	Copiah	-1.08 	3
28031	Covington	-1.11 	3
28033	De soto	-0.24 	3
28035	Forrest	-0.03 	3
28037	Franklin	-1.29 	3
28039	George	-0.81 	3
28041	Greene	0.02 	3
28043	Grenada	1.78 	4
28045	Hancock	0.25 	4
28047	Harrison	1.00 	4
28049	Hinds	-1.21 	3
28051	Holmes	-0.92 	3
28053	Humphreys	-1.17 	3
28055	Issaquena	-0.89 	3
28057	Itawamba	1.01 	4
28059	Jackson	0.85 	4
28061	Jasper	-1.11 	3
28063	Jefferson	-0.71 	3
28065	Jefferson da	-1.10 	3
28067	Jones	-0.38 	3
28069	Kemper	-0.60 	3
28071	Lafayette	0.50 	4
28073	Lamar	-0.26 	3
28075	Lauderdale	1.31 	4
28077	Lawrence	-0.08 	3
28079	Leake	0.72 	4
28081	Lee	-0.86 	3
28083	Leflore	-1.41 	3
28085	Lincoln	-0.99 	3
28087	Lowndes	-0.07 	3
28089	Madison	-0.01 	3
28091	Marion	0.04 	3
28093	Marshall	-1.00 	3
28095	Monroe	0.86 	4
28097	Montgomery	0.05 	3
28099	Neshoba	0.61 	4
28101	Newton	0.34 	4
28103	Noxubee	0.39 	4
28105	Oktibbeha	-0.62 	3
28107	Panola	-0.06 	3
28109	Pearl river	-0.91 	3
28111	Perry	-0.28 	3
28113	Pike	-0.29 	3
28115	Pontotoc	-0.45 	3
28117	Prentiss	-0.79 	3
28119	Quitman	-1.97 	3
28121	Rankin	0.16 	4
28123	Scott	-1.15 	3
28125	Sharkey	-1.34 	3
28127	Simpson	-0.80 	3
28129	Smith	-1.23 	3
28131	Stone	-1.13 	3
28133	Sunflower	-1.47 	3
28135	Tallahatchie	-0.92 	3
28137	Tate	-0.70 	3
28139	Tippah	-1.17 	3
28141	Tishomingo	1.66 	4
28143	Tunica	-0.40 	3
28145	Union	-0.85 	3
28147	Walthall	-0.87 	3
28149	Warren	-0.14 	3
28151	Washington	-1.03 	3
28153	Wayne	-0.79 	3
28155	Webster	-0.32 	3
28157	Wilkinson	-0.09 	3
28159	Winston	0.49 	4
28161	Yalobusha	0.53 	4
28163	Yazoo	-0.91 	3
29001	Adair	-1.11 	3
29003	Andrew	-1.01 	3
29005	Atchison	-0.76 	3
29007	Audrain	-2.43 	2
29009	Barry	1.95 	4
29011	Barton	-1.93 	3
29013	Bates	-1.65 	3
29015	Benton	1.47 	4
29017	Bollinger	0.49 	4
29019	Boone	-0.02 	3
29021	Buchanan	-0.47 	3
29023	Butler	-0.84 	3
29025	Caldwell	-2.83 	2
29027	Callaway	-0.06 	3
29029	Camden	1.68 	4
29031	Cape girarde	0.91 	4
29033	Carroll	-0.14 	3
29035	Carter	1.23 	4
29037	Cass	-1.68 	3
29039	Cedar	1.24 	4
29041	Chariton	0.06 	4
29043	Christian	0.08 	4
29045	Clark	-0.52 	3
29047	Clay	0.15 	4
29049	Clinton	-1.49 	3
29051	Cole	0.96 	4
29053	Cooper	-0.08 	3
29055	Crawford	-0.28 	3
29057	Dade	0.95 	4
29059	Dallas	-0.20 	3
29061	Daviess	-2.06 	3
29063	De kalb	-2.33 	2
29065	Dent	0.61 	4
29067	Douglas	-0.88 	3
29069	Dunklin	-2.10 	3
29071	Franklin	0.38 	4
29073	Gasconade	0.47 	4
29075	Gentry	-1.76 	3
29077	Greene	0.62 	4
29079	Grundy	-0.57 	3
29081	Harrison	-1.19 	3
29083	Henry	-0.46 	3
29085	Hickory	1.22 	4
29087	Holt	-0.15 	3
29089	Howard	0.29 	4
29091	Howell	0.31 	4
29093	Iron	0.81 	4
29095	Jackson	-1.49 	3
29097	Jasper	-2.26 	2
29099	Jefferson	0.96 	4
29101	Johnson	-2.00 	3
29103	Knox	-1.47 	3
29105	Laclede	-0.11 	3
29107	Lafayette	-1.70 	3
29109	Lawrence	-2.46 	2
29111	Lewis	-0.40 	3
29113	Lincoln	0.37 	4
29115	Linn	-1.26 	3
29117	Livingston	-2.04 	3
29119	Mc donald	-0.20 	3
29121	Macon	-0.55 	3
29123	Madison	1.01 	4
29125	Maries	0.20 	4
29127	Marion	-1.48 	3
29129	Mercer	-1.24 	3
29131	Miller	0.83 	4
29133	Mississippi	-1.39 	3
29135	Moniteau	0.39 	4
29137	Monroe	-0.94 	3
29139	Montgomery	-0.31 	3
29141	Morgan	1.22 	4
29143	New madrid	-1.52 	3
29145	Newton	-0.36 	3
29147	Nodaway	-2.85 	2
29149	Oregon	-0.76 	3
29151	Osage	0.42 	4
29153	Ozark	1.60 	4
29155	Pemiscot	-1.16 	3
29157	Perry	2.29 	4
29159	Pettis	-2.05 	3
29161	Phelps	-0.16 	3
29163	Pike	0.46 	4
29165	Platte	0.12 	4
29167	Polk	-0.62 	3
29169	Pulaski	0.54 	4
29171	Putnam	-0.90 	3
29173	Ralls	-1.20 	3
29175	Randolph	-0.22 	3
29177	Ray	-0.72 	3
29179	Reynolds	1.41 	4
29181	Ripley	0.48 	4
29183	St. Charles	0.86 	4
29185	St. Clair	1.11 	4
29186	Ste. Genevie	2.06 	4
29187	St. Francois	1.70 	4
29189	St. Louis	0.64 	4
29195	Saline	-1.00 	3
29197	Schuyler	-1.90 	3
29199	Scotland	-1.56 	3
29201	Scott	-1.44 	3
29203	Shannon	-0.23 	3
29205	Shelby	-2.29 	2
29207	Stoddard	-2.43 	2
29209	Stone	2.24 	4
29211	Sullivan	-1.58 	3
29213	Taney	1.63 	4
29215	Texas	0.45 	4
29217	Vernon	-1.60 	3
29219	Warren	0.14 	4
29221	Washington	0.86 	4
29223	Wayne	2.18 	4
29225	Webster	-0.45 	3
29227	Worth	-1.56 	3
29229	Wright	0.87 	4
29510	St. Louis ci	-0.48 	3
30001	Beaverhead	3.50 	5
30003	Big horn	1.38 	4
30005	Blaine	0.19 	4
30007	Broadwater	3.93 	5
30009	Carbon	4.22 	5
30011	Carter	-0.58 	3
30013	Cascade	2.20 	4
30015	Chouteau	-0.98 	3
30017	Custer	-1.06 	3
30019	Daniels	-3.82 	2
30021	Dawson	-1.01 	3
30023	Deer lodge	1.51 	4
30025	Fallon	-1.33 	3
30027	Fergus	2.63 	5
30029	Flathead	2.80 	5
30031	Gallatin	3.86 	5
30033	Garfield	0.65 	4
30035	Glacier	4.69 	6
30037	Golden valle	0.06 	4
30039	Granite	2.27 	4
30041	Hill	-1.22 	3
30043	Jefferson	2.27 	4
30045	Judith basin	1.89 	4
30047	Lake	3.82 	5
30049	Lewis and cl	3.16 	5
30051	Liberty	0.45 	4
30053	Lincoln	2.33 	4
30055	Mccone	0.52 	4
30057	Madison	3.22 	5
30059	Meagher	2.83 	5
30061	Mineral	1.80 	4
30063	Missoula	1.74 	4
30065	Musselshell	1.22 	4
30067	Park	3.61 	5
30069	Petroleum	1.86 	4
30071	Phillips	0.29 	4
30073	Pondera	3.45 	5
30075	Powder river	-1.02 	3
30077	Powell	1.79 	4
30079	Prairie	-0.39 	3
30081	Ravalli	1.59 	4
30083	Richland	-0.22 	3
30085	Roosevelt	-2.45 	2
30087	Rosebud	-0.34 	3
30089	Sanders	2.33 	4
30091	Sheridan	-2.12 	3
30093	Silver bow	2.15 	4
30095	Stillwater	2.63 	5
30097	Sweet grass	3.19 	5
30099	Teton	3.88 	5
30101	Toole	0.97 	4
30103	Treasure	-0.02 	3
30105	Valley	-0.03 	3
30107	Wheatland	3.07 	5
30109	Wibaux	-0.81 	3
30111	Yellowstone	1.08 	4
30113	Yellowstone nat pk	3.61 	5
31001	Adams	-2.36 	2
31003	Antelope	-2.49 	2
31005	Arthur	-0.25 	3
31007	Banner	-0.75 	3
31009	Blaine	-0.81 	3
31011	Boone	-1.21 	3
31013	Box butte	-0.02 	3
31015	Boyd	-2.64 	2
31017	Brown	-1.10 	3
31019	Buffalo	0.04 	3
31021	Burt	-1.73 	3
31023	Butler	-3.37 	2
31025	Cass	-2.12 	3
31027	Cedar	-2.01 	3
31029	Chase	-1.47 	3
31031	Cherry	-0.74 	3
31033	Cheyenne	-1.68 	3
31035	Clay	-3.36 	2
31037	Colfax	-0.72 	3
31039	Cuming	-0.77 	3
31041	Custer	-1.40 	3
31043	Dakota	-1.76 	3
31045	Dawes	-0.39 	3
31047	Dawson	0.56 	4
31049	Deuel	-0.61 	3
31051	Dixon	-1.71 	3
31053	Dodge	-0.55 	3
31055	Douglas	-1.92 	3
31057	Dundy	-1.93 	3
31059	Fillmore	-4.00 	2
31061	Franklin	-1.56 	3
31063	Frontier	0.29 	4
31065	Furnas	-1.63 	3
31067	Gage	-2.26 	2
31069	Garden	2.14 	4
31071	Garfield	-1.42 	3
31073	Gosper	-1.08 	3
31075	Grant	-0.08 	3
31077	Greeley	-0.60 	3
31079	Hall	-1.83 	3
31081	Hamilton	-2.83 	2
31083	Harlan	-0.41 	3
31085	Hayes	-2.55 	2
31087	Hitchcock	-0.97 	3
31089	Holt	-1.67 	3
31091	Hooker	-1.64 	3
31093	Howard	0.30 	4
31095	Jefferson	-2.42 	2
31097	Johnson	-2.60 	2
31099	Kearney	-3.34 	2
31101	Keith	1.50 	4
31103	Keya paha	-3.69 	2
31105	Kimball	-0.08 	3
31107	Knox	-1.32 	3
31109	Lancaster	-2.55 	2
31111	Lincoln	0.25 	4
31113	Logan	-1.41 	3
31115	Loup	-1.42 	3
31117	Mc pherson	-0.90 	3
31119	Madison	-0.53 	3
31121	Merrick	-2.29 	2
31123	Morrill	1.63 	4
31125	Nance	-0.42 	3
31127	Nemaha	-1.88 	3
31129	Nuckolls	-1.85 	3
31131	Otoe	-2.36 	2
31133	Pawnee	-2.50 	2
31135	Perkins	-2.24 	2
31137	Phelps	-2.21 	3
31139	Pierce	-2.58 	2
31141	Platte	-0.60 	3
31143	Polk	-3.13 	2
31145	Red willow	-1.76 	3
31147	Richardson	-1.91 	3
31149	Rock	-1.06 	3
31151	Saline	-3.04 	2
31153	Sarpy	-2.03 	3
31155	Saunders	-2.60 	2
31157	Scott bluff	1.11 	4
31159	Seward	-3.21 	2
31161	Sheridan	2.00 	4
31163	Sherman	0.26 	4
31165	Sioux	-0.67 	3
31167	Stanton	-0.61 	3
31169	Thayer	-3.12 	2
31171	Thomas	-1.61 	3
31173	Thurston	-1.96 	3
31175	Valley	-0.06 	3
31177	Washington	-2.35 	2
31179	Wayne	-4.02 	2
31181	Webster	-1.88 	3
31183	Wheeler	-2.04 	3
31185	York	-4.05 	2
32001	Churchill	5.42 	6
32003	Clark	4.86 	6
32005	Douglas	7.61 	7
32007	Elko	2.05 	4
32009	Esmeralda	4.12 	5
32011	Eureka	1.92 	4
32013	Humboldt	3.87 	5
32015	Lander	3.67 	5
32017	Lincoln	3.86 	5
32019	Lyon	5.70 	6
32021	Mineral	5.71 	6
32023	Nye	4.97 	6
32027	Pershing	4.23 	5
32029	Storey	5.11 	6
32031	Washoe	6.77 	6
32033	White pine	3.04 	5
32510	Carson city	7.29 	7
33001	Belknap	0.80 	4
33003	Carroll	0.93 	4
33005	Cheshire	0.26 	4
33007	Coos	-0.09 	3
33009	Grafton	0.32 	4
33011	Hillsborough	0.07 	4
33013	Merrimack	0.02 	3
33015	Rockingham	0.34 	4
33017	Strafford	-0.10 	3
33019	Sullivan	-0.17 	3
34001	Atlantic	-0.04 	3
34003	Bergen	1.20 	4
34005	Burlington	-1.30 	3
34007	Camden	-1.15 	3
34009	Cape may	0.07 	4
34011	Cumberland	0.38 	4
34013	Essex	-0.02 	3
34015	Gloucester	-0.61 	3
34017	Hudson	0.49 	4
34019	Hunterdon	0.83 	4
34021	Mercer	-0.80 	3
34023	Middlesex	-0.57 	3
34025	Monmouth	0.64 	4
34027	Morris	1.30 	4
34029	Ocean	0.66 	4
34031	Passaic	1.30 	4
34033	Salem	-0.20 	3
34035	Somerset	-1.44 	3
34037	Sussex	1.30 	4
34039	Union	0.14 	4
34041	Warren	0.95 	4
35001	Bernalillo	3.77 	5
35003	Catron	6.24 	6
35005	Chaves	3.87 	5
35006	Cibola	3.04 	5
35007	Colfax	3.70 	5
35009	Curry	0.94 	4
35011	De baca	3.43 	5
35013	Dona ana	4.77 	6
35015	Eddy	4.97 	6
35017	Grant	6.45 	6
35019	Guadalupe	2.66 	5
35021	Harding	1.28 	4
35023	Hidalgo	3.37 	5
35025	Lea	1.79 	4
35027	Lincoln	4.26 	5
35028	Los alamos	3.04 	5
35029	Luna	2.87 	5
35031	Mckinley	3.39 	5
35033	Mora	5.22 	6
35035	Otero	4.00 	5
35037	Quay	1.66 	4
35039	Rio arriba	5.23 	6
35041	Roosevelt	1.44 	4
35043	Sandoval	3.66 	5
35045	San juan	2.83 	5
35047	San miguel	3.73 	5
35049	Santa fe	3.02 	5
35051	Sierra	6.72 	6
35053	Socorro	3.13 	5
35055	Taos	4.16 	5
35057	Torrance	4.02 	5
35059	Union	0.99 	4
35061	Valencia	3.04 	5
36001	Albany	0.30 	4
36003	Allegany	-0.90 	3
36005	Bronx	1.04 	4
36007	Broome	-0.84 	3
36009	Cattaraugus	-0.32 	3
36011	Cayuga	-1.44 	3
36013	Chautauqua	-0.26 	3
36015	Chemung	-1.13 	3
36017	Chenango	-1.41 	3
36019	Clinton	-0.34 	3
36021	Columbia	-0.33 	3
36023	Cortland	-1.55 	3
36025	Delaware	0.35 	4
36027	Dutchess	-0.07 	3
36029	Erie	-0.70 	3
36031	Essex	-0.26 	3
36033	Franklin	-0.63 	3
36035	Fulton	-0.24 	3
36037	Genesee	-2.94 	2
36039	Greene	0.31 	4
36041	Hamilton	0.24 	4
36043	Herkimer	-1.59 	3
36045	Jefferson	-1.27 	3
36047	Kings	-0.17 	3
36049	Lewis	-2.79 	2
36051	Livingston	-0.91 	3
36053	Madison	-0.94 	3
36055	Monroe	-0.75 	3
36057	Montgomery	-2.63 	2
36059	Nassau	0.76 	4
36061	New york	-0.31 	3
36063	Niagara	-0.52 	3
36065	Oneida	-1.65 	3
36067	Onondaga	-2.26 	2
36069	Ontario	-0.67 	3
36071	Orange	0.09 	4
36073	Orleans	-0.58 	3
36075	Oswego	-0.23 	3
36077	Otsego	-0.77 	3
36079	Putnam	0.37 	4
36081	Queens	0.01 	3
36083	Rensselaer	-0.49 	3
36085	Richmond	0.23 	4
36087	Rockland	0.77 	4
36089	St. Lawrence	-2.11 	3
36091	Saratoga	0.11 	4
36093	Schenectady	-2.06 	3
36095	Schoharie	-0.30 	3
36097	Schuyler	-0.03 	3
36099	Seneca	-1.08 	3
36101	Steuben	-0.76 	3
36103	Suffolk	1.52 	4
36105	Sullivan	0.14 	4
36107	Tioga	-1.05 	3
36109	Tompkins	-0.28 	3
36111	Ulster	0.70 	4
36113	Warren	0.00 	3
36115	Washington	-0.64 	3
36117	Wayne	-0.51 	3
36119	Westchester	0.80 	4
36121	Wyoming	-2.69 	2
36123	Yates	-0.03 	3
37001	Alamance	-0.96 	3
37003	Alexander	1.17 	4
37005	Alleghany	1.47 	4
37007	Anson	0.06 	4
37009	Ashe	2.28 	4
37011	Avery	1.95 	4
37013	Beaufort	0.02 	3
37015	Bertie	-0.30 	3
37017	Bladen	-0.31 	3
37019	Brunswick	1.12 	4
37021	Buncombe	2.18 	4
37023	Burke	1.82 	4
37025	Cabarrus	-1.08 	3
37027	Caldwell	1.51 	4
37029	Camden	0.42 	4
37031	Carteret	1.22 	4
37033	Caswell	0.45 	4
37035	Catawba	1.32 	4
37037	Chatham	0.41 	4
37039	Cherokee	3.00 	5
37041	Chowan	0.51 	4
37043	Clay	3.05 	5
37045	Cleveland	0.76 	4
37047	Columbus	-0.39 	3
37049	Craven	0.19 	4
37051	Cumberland	-0.71 	3
37053	Currituck	0.88 	4
37055	Dare	1.63 	4
37057	Davidson	-0.09 	3
37059	Davie	-0.46 	3
37061	Duplin	-1.51 	3
37063	Durham	-0.26 	3
37065	Edgecombe	-2.13 	3
37067	Forsyth	-1.06 	3
37069	Franklin	-1.43 	3
37071	Gaston	0.42 	4
37073	Gates	-1.00 	3
37075	Graham	3.14 	5
37077	Granville	-0.94 	3
37079	Greene	-2.33 	2
37081	Guilford	-0.85 	3
37083	Halifax	-1.30 	3
37085	Harnett	-0.52 	3
37087	Haywood	2.23 	4
37089	Henderson	1.99 	4
37091	Hertford	-1.25 	3
37093	Hoke	-1.26 	3
37095	Hyde	1.48 	4
37097	Iredell	1.32 	4
37099	Jackson	2.62 	5
37101	Johnston	-1.16 	3
37103	Jones	-1.59 	3
37105	Lee	-0.68 	3
37107	Lenoir	-1.71 	3
37109	Lincoln	1.49 	4
37111	Mc dowell	2.21 	4
37113	Macon	3.33 	5
37115	Madison	1.92 	4
37117	Martin	-2.93 	2
37119	Mecklenburg	0.82 	4
37121	Mitchell	1.55 	4
37123	Montgomery	1.37 	4
37125	Moore	0.12 	4
37127	Nash	-1.39 	3
37129	New hanover	1.25 	4
37131	Northampton	-0.65 	3
37133	Onslow	0.74 	4
37135	Orange	-1.39 	3
37137	Pamlico	1.00 	4
37139	Pasquotank	0.43 	4
37141	Pender	0.52 	4
37143	Perquimans	0.50 	4
37145	Person	1.33 	4
37147	Pitt	-1.74 	3
37149	Polk	1.84 	4
37151	Randolph	-0.01 	3
37153	Richmond	0.89 	4
37155	Robeson	-1.52 	3
37157	Rockingham	0.10 	4
37159	Rowan	-0.10 	3
37161	Rutherford	0.45 	4
37163	Sampson	-1.63 	3
37165	Scotland	-0.69 	3
37167	Stanly	0.68 	4
37169	Stokes	0.02 	3
37171	Surry	1.24 	4
37173	Swain	2.97 	5
37175	Transylvania	2.40 	5
37177	Tyrrell	0.67 	4
37179	Union	-0.34 	3
37181	Vance	0.05 	3
37183	Wake	0.23 	4
37185	Warren	-0.25 	3
37187	Washington	0.31 	4
37189	Watauga	1.82 	4
37191	Wayne	-1.41 	3
37193	Wilkes	1.88 	4
37195	Wilson	-1.23 	3
37197	Yadkin	0.20 	4
37199	Yancey	1.37 	4
38001	Adams	-1.82 	3
38003	Barnes	-2.83 	2
38005	Benson	-3.08 	2
38007	Billings	-0.76 	3
38009	Bottineau	-3.44 	2
38011	Bowman	-1.01 	3
38013	Burke	-2.07 	3
38015	Burleigh	-2.01 	3
38017	Cass	-4.84 	1
38019	Cavalier	-3.52 	2
38021	Dickey	-2.96 	2
38023	Divide	-2.06 	3
38025	Dunn	0.20 	4
38027	Eddy	-2.47 	2
38029	Emmons	-1.81 	3
38031	Foster	-2.53 	2
38033	Golden valle	-1.55 	3
38035	Grand forks	-5.01 	1
38037	Grant	-1.79 	3
38039	Griggs	-3.18 	2
38041	Hettinger	-1.81 	3
38043	Kidder	-1.40 	3
38045	La moure	-3.35 	2
38047	Logan	-2.59 	2
38049	Mchenry	-3.30 	2
38051	Mcintosh	-2.21 	3
38053	Mckenzie	-0.05 	3
38055	Mclean	-1.41 	3
38057	Mercer	-1.60 	3
38059	Morton	-1.30 	3
38061	Mountrail	-1.35 	3
38063	Nelson	-3.72 	2
38065	Oliver	-2.18 	3
38067	Pembina	-5.18 	1
38069	Pierce	-2.72 	2
38071	Ramsey	-3.10 	2
38073	Ransom	-4.21 	2
38075	Renville	-2.70 	2
38077	Richland	-3.81 	2
38079	Rolette	-2.21 	3
38081	Sargent	-3.61 	2
38083	Sheridan	-1.89 	3
38085	Sioux	-0.96 	3
38087	Slope	-0.78 	3
38089	Stark	-1.74 	3
38091	Steele	-3.56 	2
38093	Stutsman	-1.79 	3
38095	Towner	-3.99 	2
38097	Traill	-5.12 	1
38099	Walsh	-3.95 	2
38101	Ward	-2.01 	3
38103	Wells	-2.27 	2
38105	Williams	-2.01 	3
39001	Adams	-1.84 	3
39003	Allen	-2.37 	2
39005	Ashland	-2.84 	2
39007	Ashtabula	-0.92 	3
39009	Athens	-0.01 	3
39011	Auglaize	-3.25 	2
39013	Belmont	0.13 	4
39015	Brown	-0.08 	3
39017	Butler	-1.65 	3
39019	Carroll	0.01 	3
39021	Champaign	-2.35 	2
39023	Clark	-2.03 	3
39025	Clermont	-0.06 	3
39027	Clinton	-2.07 	3
39029	Columbiana	-0.25 	3
39031	Coshocton	-0.64 	3
39033	Crawford	-3.71 	2
39035	Cuyahoga	-0.63 	3
39037	Darke	-3.31 	2
39039	Defiance	-2.60 	2
39041	Delaware	-1.60 	3
39043	Erie	-0.91 	3
39045	Fairfield	-0.17 	3
39047	Fayette	-3.20 	2
39049	Franklin	-2.43 	2
39051	Fulton	-3.29 	2
39053	Gallia	-1.02 	3
39055	Geauga	-2.45 	2
39057	Greene	-1.97 	3
39059	Guernsey	0.55 	4
39061	Hamilton	-1.39 	3
39063	Hancock	-2.63 	2
39065	Hardin	-3.57 	2
39067	Harrison	-0.01 	3
39069	Henry	-2.68 	2
39071	Highland	-1.49 	3
39073	Hocking	-0.68 	3
39075	Holmes	-0.95 	3
39077	Huron	-3.09 	2
39079	Jackson	-1.28 	3
39081	Jefferson	-0.77 	3
39083	Knox	-2.89 	2
39085	Lake	-0.42 	3
39087	Lawrence	-1.08 	3
39089	Licking	-0.55 	3
39091	Logan	-1.38 	3
39093	Lorain	-0.33 	3
39095	Lucas	-0.87 	3
39097	Madison	-3.07 	2
39099	Mahoning	-1.72 	3
39101	Marion	-3.93 	2
39103	Medina	-3.16 	2
39105	Meigs	-3.23 	2
39107	Mercer	-1.88 	3
39109	Miami	-2.33 	2
39111	Monroe	-0.21 	3
39113	Montgomery	-2.23 	2
39115	Morgan	0.28 	4
39117	Morrow	-2.67 	2
39119	Muskingum	0.42 	4
39121	Noble	0.63 	4
39123	Ottawa	-1.41 	3
39125	Paulding	-2.67 	2
39127	Perry	0.20 	4
39129	Pickaway	-2.21 	3
39131	Pike	-0.79 	3
39133	Portage	-2.17 	3
39135	Preble	-1.97 	3
39137	Putnam	-3.70 	2
39139	Richland	-2.88 	2
39141	Ross	-1.10 	3
39143	Sandusky	-2.54 	2
39145	Scioto	-0.97 	3
39147	Seneca	-3.37 	2
39149	Shelby	-2.44 	2
39151	Stark	-2.50 	2
39153	Summit	-2.40 	2
39155	Trumbull	-2.12 	3
39157	Tuscarawas	-0.33 	3
39159	Union	-3.50 	2
39161	Van wert	-3.60 	2
39163	Vinton	-0.64 	3
39165	Warren	-1.09 	3
39167	Washington	0.21 	4
39169	Wayne	-3.22 	2
39171	Williams	-2.97 	2
39173	Wood	-2.80 	2
39175	Wyandot	-3.19 	2
40001	Adair	1.00 	4
40003	Alfalfa	-0.17 	3
40005	Atoka	3.20 	5
40007	Beaver	0.70 	4
40009	Beckham	-0.40 	3
40011	Blaine	-0.20 	3
40013	Bryan	2.03 	4
40015	Caddo	0.95 	4
40017	Canadian	-0.10 	3
40019	Carter	1.18 	4
40021	Cherokee	2.39 	5
40023	Choctaw	0.29 	4
40025	Cimarron	1.56 	4
40027	Cleveland	1.06 	4
40029	Coal	0.88 	4
40031	Comanche	2.29 	4
40033	Cotton	0.88 	4
40035	Craig	-1.49 	3
40037	Creek	0.58 	4
40039	Custer	0.46 	4
40041	Delaware	0.72 	4
40043	Dewey	0.16 	4
40045	Ellis	1.11 	4
40047	Garfield	-1.25 	3
40049	Garvin	0.38 	4
40051	Grady	-0.25 	3
40053	Grant	-1.01 	3
40055	Greer	0.74 	4
40057	Harmon	-0.46 	3
40059	Harper	0.51 	4
40061	Haskell	2.00 	4
40063	Hughes	-0.05 	3
40065	Jackson	-0.05 	3
40067	Jefferson	1.29 	4
40069	Johnston	1.67 	4
40071	Kay	0.05 	3
40073	Kingfisher	-0.77 	3
40075	Kiowa	1.99 	4
40077	Latimer	0.89 	4
40079	Le flore	1.31 	4
40081	Lincoln	0.13 	4
40083	Logan	-0.27 	3
40085	Love	1.34 	4
40087	Mcclain	0.64 	4
40089	Mccurtain	2.08 	4
40091	Mcintosh	1.21 	4
40093	Major	-1.49 	3
40095	Marshall	2.54 	5
40097	Mayes	0.21 	4
40099	Murray	1.34 	4
40101	Muskogee	0.45 	4
40103	Noble	-0.04 	3
40105	Nowata	-0.36 	3
40107	Okfuskee	0.34 	4
40109	Oklahoma	0.24 	4
40111	Okmulgee	-0.87 	3
40113	Osage	1.17 	4
40115	Ottawa	0.03 	3
40117	Pawnee	0.01 	3
40119	Payne	0.42 	4
40121	Pittsburg	1.64 	4
40123	Pontotoc	1.04 	4
40125	Pottawatomie	0.26 	4
40127	Pushmataha	1.75 	4
40129	Roger mills	-0.28 	3
40131	Rogers	0.23 	4
40133	Seminole	0.58 	4
40135	Sequoyah	2.55 	5
40137	Stephens	1.13 	4
40139	Texas	2.01 	4
40141	Tillman	0.41 	4
40143	Tulsa	-0.30 	3
40145	Wagoner	0.05 	3
40147	Washington	0.96 	4
40149	Washita	-0.30 	3
40151	Woods	-1.14 	3
40153	Woodward	-0.65 	3
41001	Baker	2.42 	5
41003	Benton	3.10 	5
41005	Clackamas	3.64 	5
41007	Clatsop	4.97 	6
41009	Columbia	4.98 	6
41011	Coos	5.53 	6
41013	Crook	5.06 	6
41015	Curry	6.47 	6
41017	Deschutes	6.10 	6
41019	Douglas	6.78 	6
41021	Gilliam	0.45 	4
41023	Grant	0.44 	4
41025	Harney	3.45 	5
41027	Hood river	4.54 	5
41029	Jackson	4.50 	5
41031	Jefferson	4.99 	6
41033	Josephine	4.26 	5
41035	Klamath	5.15 	6
41037	Lake	4.19 	5
41039	Lane	4.29 	5
41041	Lincoln	6.06 	6
41043	Linn	3.65 	5
41045	Malheur	1.68 	4
41047	Marion	3.51 	5
41049	Morrow	3.34 	5
41051	Multnomah	4.33 	5
41053	Polk	3.28 	5
41055	Sherman	1.61 	4
41057	Tillamook	5.54 	6
41059	Umatilla	1.64 	4
41061	Union	1.38 	4
41063	Wallowa	2.68 	5
41065	Wasco	3.38 	5
41067	Washington	2.65 	5
41069	Wheeler	2.79 	5
41071	Yamhill	3.25 	5
42001	Adams	-0.13 	3
42003	Allegheny	0.47 	4
42005	Armstrong	0.36 	4
42007	Beaver	0.64 	4
42009	Bedford	-0.67 	3
42011	Berks	-0.73 	3
42013	Blair	-0.86 	3
42015	Bradford	0.29 	4
42017	Bucks	0.01 	3
42019	Butler	-0.25 	3
42021	Cambria	-0.23 	3
42023	Cameron	0.73 	4
42025	Carbon	0.67 	4
42027	Centre	-0.40 	3
42029	Chester	-1.53 	3
42031	Clarion	-0.30 	3
42033	Clearfield	0.81 	4
42035	Clinton	0.47 	4
42037	Columbia	-0.05 	3
42039	Crawford	-1.99 	3
42041	Cumberland	-0.57 	3
42043	Dauphin	1.07 	4
42045	Delaware	-0.69 	3
42047	Elk	0.07 	4
42049	Erie	-0.57 	3
42051	Fayette	0.27 	4
42053	Forest	-1.09 	3
42055	Franklin	-0.57 	3
42057	Fulton	-1.20 	3
42059	Greene	0.22 	4
42061	Huntingdon	0.15 	4
42063	Indiana	0.40 	4
42065	Jefferson	-0.93 	3
42067	Juniata	-0.34 	3
42069	Lackawanna	0.16 	4
42071	Lancaster	0.45 	4
42073	Lawrence	0.24 	4
42075	Lebanon	-0.66 	3
42077	Lehigh	-0.40 	3
42079	Luzerne	0.30 	4
42081	Lycoming	0.33 	4
42083	Mc kean	-1.11 	3
42085	Mercer	-2.78 	2
42087	Mifflin	-0.19 	3
42089	Monroe	0.94 	4
42091	Montgomery	-0.53 	3
42093	Montour	0.11 	4
42095	Northampton	-0.04 	3
42097	Northumberla	0.72 	4
42099	Perry	-0.45 	3
42101	Philadelphia	-0.46 	3
42103	Pike	1.26 	4
42105	Potter	-2.42 	2
42107	Schuylkill	0.49 	4
42109	Snyder	-0.63 	3
42111	Somerset	0.01 	3
42113	Sullivan	0.01 	3
42115	Susquehanna	0.25 	4
42117	Tioga	-0.25 	3
42119	Union	-1.08 	3
42121	Venango	-0.86 	3
42123	Warren	-0.71 	3
42125	Washington	0.40 	4
42127	Wayne	0.44 	4
42129	Westmoreland	0.88 	4
42131	Wyoming	0.68 	4
42133	York	-0.58 	3
44001	Bristol	1.36 	4
44003	Kent	1.30 	4
44005	Newport	2.14 	4
44007	Providence	0.97 	4
44009	Washington	2.64 	5
45001	Abbeville	-0.61 	3
45003	Aiken	-0.04 	3
45005	Allendale	-0.27 	3
45007	Anderson	0.71 	4
45009	Bamberg	-0.75 	3
45011	Barnwell	-0.21 	3
45013	Beaufort	1.66 	4
45015	Berkeley	0.71 	4
45017	Calhoun	0.20 	4
45019	Charleston	1.45 	4
45021	Cherokee	-0.31 	3
45023	Chester	-0.04 	3
45025	Chesterfield	-0.38 	3
45027	Clarendon	1.15 	4
45029	Colleton	0.67 	4
45031	Darlington	0.28 	4
45033	Dillon	-0.68 	3
45035	Dorchester	-1.11 	3
45037	Edgefield	-0.25 	3
45039	Fairfield	0.67 	4
45041	Florence	-0.56 	3
45043	Georgetown	1.49 	4
45045	Greenville	1.83 	4
45047	Greenwood	-0.11 	3
45049	Hampton	-0.69 	3
45051	Horry	0.88 	4
45053	Jasper	0.59 	4
45055	Kershaw	0.27 	4
45057	Lancaster	0.09 	4
45059	Laurens	-0.35 	3
45061	Lee	-1.00 	3
45063	Lexington	0.99 	4
45065	Mccormick	0.81 	4
45067	Marion	-0.15 	3
45069	Marlboro	0.27 	4
45071	Newberry	0.18 	4
45073	Oconee	3.55 	5
45075	Orangeburg	0.25 	4
45077	Pickens	3.02 	5
45079	Richland	0.56 	4
45081	Saluda	0.02 	3
45083	Spartanburg	0.52 	4
45085	Sumter	0.45 	4
45087	Union	-0.80 	3
45089	Williamsburg	-0.88 	3
45091	York	0.45 	4
46003	Aurora	-2.83 	2
46005	Beadle	-3.25 	2
46007	Bennett	0.50 	4
46009	Bon homme	-1.59 	3
46011	Brookings	-2.06 	3
46013	Brown	-2.72 	2
46015	Brule	-1.54 	3
46017	Buffalo	-1.59 	3
46019	Butte	0.43 	4
46021	Campbell	-1.45 	3
46023	Charles mix	-1.23 	3
46025	Clark	-2.27 	2
46027	Clay	-1.87 	3
46029	Codington	-1.73 	3
46031	Corson	-0.71 	3
46033	Custer	0.97 	4
46035	Davison	-3.29 	2
46037	Day	-1.21 	3
46039	Deuel	-1.68 	3
46041	Dewey	0.62 	4
46043	Douglas	-3.59 	2
46045	Edmunds	-2.68 	2
46047	Fall river	1.89 	4
46049	Faulk	-2.32 	2
46051	Grant	-2.49 	2
46053	Gregory	-0.64 	3
46055	Haakon	-0.30 	3
46057	Hamlin	-1.37 	3
46059	Hand	-3.20 	2
46061	Hanson	-3.42 	2
46063	Harding	-0.65 	3
46065	Hughes	0.07 	4
46067	Hutchinson	-3.33 	2
46069	Hyde	-2.39 	2
46071	Jackson	-0.75 	3
46073	Jerauld	-2.91 	2
46075	Jones	-1.48 	3
46077	Kingsbury	-1.92 	3
46079	Lake	-1.86 	3
46081	Lawrence	1.76 	4
46083	Lincoln	-3.91 	2
46085	Lyman	-1.28 	3
46087	Mc cook	-3.05 	2
46089	Mc pherson	-1.98 	3
46091	Marshall	-1.65 	3
46093	Meade	-1.66 	3
46095	Mellette	-0.76 	3
46097	Miner	-3.45 	2
46099	Minnehaha	-2.58 	2
46101	Moody	-2.96 	2
46103	Pennington	1.27 	4
46105	Perkins	-0.73 	3
46107	Potter	-1.38 	3
46109	Roberts	-1.68 	3
46111	Sanborn	-3.47 	2
46113	Shannon	-0.10 	3
46115	Spink	-3.62 	2
46117	Stanley	-0.15 	3
46119	Sully	0.20 	4
46121	Todd	-0.98 	3
46123	Tripp	-2.25 	2
46125	Turner	-3.48 	2
46127	Union	-1.78 	3
46129	Walworth	-1.45 	3
46135	Yankton	-1.76 	3
46137	Ziebach	-0.55 	3
47001	Anderson	1.36 	4
47003	Bedford	-0.55 	3
47005	Benton	1.13 	4
47007	Bledsoe	-0.56 	3
47009	Blount	1.25 	4
47011	Bradley	-0.17 	3
47013	Campbell	1.87 	4
47015	Cannon	-2.75 	2
47017	Carroll	-1.91 	3
47019	Carter	2.93 	5
47021	Cheatham	-0.23 	3
47023	Chester	-2.01 	3
47025	Claiborne	1.57 	4
47027	Clay	1.29 	4
47029	Cocke	1.31 	4
47031	Coffee	-0.89 	3
47033	Crockett	-2.21 	3
47035	Cumberland	0.54 	4
47037	Davidson	0.33 	4
47039	Decatur	0.34 	4
47041	De kalb	1.23 	4
47043	Dickson	-0.83 	3
47045	Dyer	-0.39 	3
47047	Fayette	-1.18 	3
47049	Fentress	-0.05 	3
47051	Franklin	1.68 	4
47053	Gibson	-1.86 	3
47055	Giles	-1.46 	3
47057	Grainger	1.45 	4
47059	Greene	0.14 	4
47061	Grundy	0.02 	3
47063	Hamblen	1.52 	4
47065	Hamilton	1.16 	4
47067	Hancock	0.38 	4
47069	Hardeman	-1.05 	3
47071	Hardin	0.44 	4
47073	Hawkins	1.21 	4
47075	Haywood	-1.70 	3
47077	Henderson	0.82 	4
47079	Henry	0.06 	4
47081	Hickman	-2.18 	3
47083	Houston	0.56 	4
47085	Humphreys	0.61 	4
47087	Jackson	0.86 	4
47089	Jefferson	1.39 	4
47091	Johnson	0.74 	4
47093	Knox	0.62 	4
47095	Lake	-0.36 	3
47097	Lauderdale	0.05 	3
47099	Lawrence	-0.89 	3
47101	Lewis	-0.80 	3
47103	Lincoln	-1.20 	3
47105	Loudon	1.14 	4
47107	Mc minn	-0.35 	3
47109	Mc nairy	-1.69 	3
47111	Macon	-2.11 	3
47113	Madison	-1.44 	3
47115	Marion	0.83 	4
47117	Marshall	-0.89 	3
47119	Maury	-0.19 	3
47121	Meigs	1.30 	4
47123	Monroe	1.51 	4
47125	Montgomery	-0.51 	3
47127	Moore	0.37 	4
47129	Morgan	-0.52 	3
47131	Obion	-0.71 	3
47133	Overton	0.20 	4
47135	Perry	0.43 	4
47137	Pickett	1.67 	4
47139	Polk	1.67 	4
47141	Putnam	0.24 	4
47143	Rhea	1.33 	4
47145	Roane	1.22 	4
47147	Robertson	-1.92 	3
47149	Rutherford	-0.85 	3
47151	Scott	0.28 	4
47153	Sequatchie	-0.44 	3
47155	Sevier	1.76 	4
47157	Shelby	-0.44 	3
47159	Smith	0.87 	4
47161	Stewart	0.98 	4
47163	Sullivan	1.27 	4
47165	Sumner	0.25 	4
47167	Tipton	-0.38 	3
47169	Trousdale	-0.30 	3
47171	Unicoi	0.36 	4
47173	Union	1.35 	4
47175	Van buren	-1.32 	3
47177	Warren	-1.45 	3
47179	Washington	0.67 	4
47181	Wayne	-0.71 	3
47183	Weakley	-1.62 	3
47185	White	-0.76 	3
47187	Williamson	-0.87 	3
47189	Wilson	-0.82 	3
48001	Anderson	1.07 	4
48003	Andrews	0.68 	4
48005	Angelina	1.92 	4
48007	Aransas	3.71 	5
48009	Archer	-0.33 	3
48011	Armstrong	0.36 	4
48013	Atascosa	0.90 	4
48015	Austin	1.38 	4
48017	Bailey	0.91 	4
48019	Bandera	5.83 	6
48021	Bastrop	0.94 	4
48023	Baylor	1.70 	4
48025	Bee	-0.36 	3
48027	Bell	1.26 	4
48029	Bexar	2.63 	5
48031	Blanco	4.05 	5
48033	Borden	2.39 	5
48035	Bosque	0.84 	4
48037	Bowie	0.79 	4
48039	Brazoria	1.31 	4
48041	Brazos	0.59 	4
48043	Brewster	4.58 	5
48045	Briscoe	1.76 	4
48047	Brooks	-0.34 	3
48049	Brown	0.35 	4
48051	Burleson	1.40 	4
48053	Burnet	4.36 	5
48055	Caldwell	0.51 	4
48057	Calhoun	1.86 	4
48059	Callahan	0.33 	4
48061	Cameron	2.46 	5
48063	Camp	0.71 	4
48065	Carson	1.21 	4
48067	Cass	0.63 	4
48069	Castro	1.23 	4
48071	Chambers	1.57 	4
48073	Cherokee	1.25 	4
48075	Childress	1.02 	4
48077	Clay	-0.36 	3
48079	Cochran	-0.12 	3
48081	Coke	3.73 	5
48083	Coleman	2.14 	4
48085	Collin	1.01 	4
48087	Collingswort	0.01 	3
48089	Colorado	1.72 	4
48091	Comal	3.25 	5
48093	Comanche	0.36 	4
48095	Concho	2.30 	4
48097	Cooke	0.63 	4
48099	Coryell	1.01 	4
48101	Cottle	-0.19 	3
48103	Crane	1.34 	4
48105	Crockett	1.64 	4
48107	Crosby	2.45 	5
48109	Culberson	3.62 	5
48111	Dallam	0.22 	4
48113	Dallas	0.64 	4
48115	Dawson	-0.24 	3
48117	Deaf smith	0.94 	4
48119	Delta	-0.59 	3
48121	Denton	1.40 	4
48123	De witt	0.50 	4
48125	Dickens	0.38 	4
48127	Dimmit	0.48 	4
48129	Donley	0.86 	4
48131	Duval	0.96 	4
48133	Eastland	0.24 	4
48135	Ector	2.50 	5
48137	Edwards	3.15 	5
48139	Ellis	0.24 	4
48141	El paso	4.46 	5
48143	Erath	0.03 	3
48145	Falls	0.34 	4
48147	Fannin	0.22 	4
48149	Fayette	1.04 	4
48151	Fisher	0.30 	4
48153	Floyd	0.86 	4
48155	Foard	0.03 	3
48157	Fort bend	-0.52 	3
48159	Franklin	0.76 	4
48161	Freestone	0.40 	4
48163	Frio	0.40 	4
48165	Gaines	0.84 	4
48167	Galveston	1.87 	4
48169	Garza	1.11 	4
48171	Gillespie	2.59 	5
48173	Glasscock	0.23 	4
48175	Goliad	1.61 	4
48177	Gonzales	0.68 	4
48179	Gray	0.79 	4
48181	Grayson	0.78 	4
48183	Gregg	0.21 	4
48185	Grimes	0.74 	4
48187	Guadalupe	0.58 	4
48189	Hale	-0.07 	3
48191	Hall	0.27 	4
48193	Hamilton	-0.65 	3
48195	Hansford	0.05 	3
48197	Hardeman	0.14 	4
48199	Hardin	1.04 	4
48201	Harris	-0.04 	3
48203	Harrison	0.52 	4
48205	Hartley	0.51 	4
48207	Haskell	2.04 	4
48209	Hays	2.18 	4
48211	Hemphill	1.27 	4
48213	Henderson	2.72 	5
48215	Hidalgo	0.46 	4
48217	Hill	0.83 	4
48219	Hockley	0.37 	4
48221	Hood	1.35 	4
48223	Hopkins	0.17 	4
48225	Houston	0.11 	4
48227	Howard	2.23 	4
48229	Hudspeth	4.00 	5
48231	Hunt	1.05 	4
48233	Hutchinson	1.90 	4
48235	Irion	0.11 	4
48237	Jack	0.35 	4
48239	Jackson	-0.02 	3
48241	Jasper	2.25 	4
48243	Jeff davis	5.93 	6
48245	Jefferson	1.04 	4
48247	Jim hogg	-1.01 	3
48249	Jim wells	1.45 	4
48251	Johnson	0.12 	4
48253	Jones	1.55 	4
48255	Karnes	1.38 	4
48257	Kaufman	0.63 	4
48259	Kendall	4.72 	6
48261	Kenedy	3.14 	5
48263	Kent	0.45 	4
48265	Kerr	4.52 	5
48267	Kimble	1.02 	4
48269	King	0.40 	4
48271	Kinney	3.80 	5
48273	Kleberg	3.15 	5
48275	Knox	0.62 	4
48277	Lamar	0.36 	4
48279	Lamb	1.31 	4
48281	Lampasas	2.81 	5
48283	La salle	0.71 	4
48285	Lavaca	-0.08 	3
48287	Lee	0.88 	4
48289	Leon	0.36 	4
48291	Liberty	0.08 	4
48293	Limestone	1.12 	4
48295	Lipscomb	-0.43 	3
48297	Live oak	2.67 	5
48299	Llano	3.75 	5
48301	Loving	3.31 	5
48303	Lubbock	1.14 	4
48305	Lynn	1.32 	4
48307	Mc culloch	2.36 	5
48309	Mc lennan	0.76 	4
48311	Mc mullen	1.76 	4
48313	Madison	0.22 	4
48315	Marion	1.40 	4
48317	Martin	0.91 	4
48319	Mason	1.54 	4
48321	Matagorda	1.54 	4
48323	Maverick	0.52 	4
48325	Medina	0.68 	4
48327	Menard	0.51 	4
48329	Midland	1.42 	4
48331	Milam	0.72 	4
48333	Mills	-0.43 	3
48335	Mitchell	2.47 	5
48337	Montague	-0.57 	3
48339	Montgomery	1.58 	4
48341	Moore	2.46 	5
48343	Morris	0.41 	4
48345	Motley	-0.22 	3
48347	Nacogdoches	2.12 	4
48349	Navarro	0.57 	4
48351	Newton	1.44 	4
48353	Nolan	2.11 	4
48355	Nueces	3.33 	5
48357	Ochiltree	0.39 	4
48359	Oldham	1.19 	4
48361	Orange	0.44 	4
48363	Palo pinto	1.45 	4
48365	Panola	1.35 	4
48367	Parker	0.14 	4
48369	Parmer	1.93 	4
48371	Pecos	4.40 	5
48373	Polk	1.84 	4
48375	Potter	2.60 	5
48377	Presidio	3.06 	5
48379	Rains	0.78 	4
48381	Randall	2.36 	5
48383	Reagan	0.60 	4
48385	Real	3.48 	5
48387	Red river	-0.11 	3
48389	Reeves	2.84 	5
48391	Refugio	2.56 	5
48393	Roberts	-0.41 	3
48395	Robertson	0.63 	4
48397	Rockwall	1.39 	4
48399	Runnels	1.18 	4
48401	Rusk	1.88 	4
48403	Sabine	2.13 	4
48405	San augustin	1.96 	4
48407	San jacinto	2.18 	4
48409	San patricio	1.97 	4
48411	San saba	2.92 	5
48413	Schleicher	0.08 	4
48415	Scurry	1.44 	4
48417	Shackelford	-0.09 	3
48419	Shelby	2.45 	5
48421	Sherman	-0.65 	3
48423	Smith	0.72 	4
48425	Somervell	1.17 	4
48427	Starr	1.99 	4
48429	Stephens	1.38 	4
48431	Sterling	0.27 	4
48433	Stonewall	0.61 	4
48435	Sutton	1.47 	4
48437	Swisher	0.42 	4
48439	Tarrant	1.02 	4
48441	Taylor	2.04 	4
48443	Terrell	3.17 	5
48445	Terry	1.11 	4
48447	Throckmorton	-0.79 	3
48449	Titus	0.84 	4
48451	Tom green	2.62 	5
48453	Travis	3.24 	5
48455	Trinity	1.45 	4
48457	Tyler	1.18 	4
48459	Upshur	0.28 	4
48461	Upton	1.02 	4
48463	Uvalde	4.26 	5
48465	Val verde	5.20 	6
48467	Van zandt	0.42 	4
48469	Victoria	-0.82 	3
48471	Walker	1.07 	4
48473	Waller	1.28 	4
48475	Ward	1.46 	4
48477	Washington	1.43 	4
48479	Webb	1.12 	4
48481	Wharton	-0.99 	3
48483	Wheeler	0.31 	4
48485	Wichita	0.80 	4
48487	Wilbarger	0.88 	4
48489	Willacy	1.85 	4
48491	Williamson	0.91 	4
48493	Wilson	0.44 	4
48495	Winkler	1.31 	4
48497	Wise	0.87 	4
48499	Wood	1.37 	4
48501	Yoakum	0.21 	4
48503	Young	0.51 	4
48505	Zapata	2.36 	5
48507	Zavala	0.49 	4
49001	Beaver	2.39 	5
49003	Box elder	3.29 	5
49005	Cache	2.63 	5
49007	Carbon	3.13 	5
49009	Daggett	4.30 	5
49011	Davis	5.54 	6
49013	Duchesne	3.73 	5
49015	Emery	0.83 	4
49017	Garfield	4.00 	5
49019	Grand	2.08 	4
49021	Iron	2.37 	5
49023	Juab	1.91 	4
49025	Kane	2.97 	5
49027	Millard	2.69 	5
49029	Morgan	3.72 	5
49031	Piute	3.87 	5
49033	Rich	5.03 	6
49035	Salt lake	4.21 	5
49037	San juan	3.60 	5
49039	Sanpete	4.44 	5
49041	Sevier	3.66 	5
49043	Summit	4.96 	6
49045	Tooele	2.83 	5
49047	Uintah	3.53 	5
49049	Utah	4.93 	6
49051	Wasatch	4.92 	6
49053	Washington	2.57 	5
49055	Wayne	0.92 	4
49057	Weber	3.71 	5
50001	Addison	-0.28 	3
50003	Bennington	-0.81 	3
50005	Caledonia	-1.16 	3
50007	Chittenden	0.09 	4
50009	Essex	-1.01 	3
50011	Franklin	-0.30 	3
50013	Grand isle	-0.16 	3
50015	Lamoille	-0.82 	3
50017	Orange	-0.57 	3
50019	Orleans	0.09 	4
50021	Rutland	-0.35 	3
50023	Washington	-0.63 	3
50025	Windham	0.04 	3
50027	Windsor	0.14 	4
51001	Accomack	1.16 	4
51003	Albemarle	-0.02 	3
51005	Alleghany	1.77 	4
51007	Amelia	-1.52 	3
51009	Amherst	0.83 	4
51011	Appomattox	-0.69 	3
51013	Arlington	-2.25 	2
51015	Augusta	-0.12 	3
51017	Bath	2.19 	4
51019	Bedford	1.39 	4
51021	Bland	-0.85 	3
51023	Botetourt	1.15 	4
51025	Brunswick	-1.44 	3
51027	Buchanan	-1.61 	3
51029	Buckingham	-0.31 	3
51031	Campbell	-0.38 	3
51033	Caroline	-1.22 	3
51035	Carroll	0.67 	4
51036	Charles city	0.59 	4
51037	Charlotte	-1.49 	3
51041	Chesterfield	-0.84 	3
51043	Clarke	-1.75 	3
51045	Craig	-0.60 	3
51047	Culpeper	-1.15 	3
51049	Cumberland	-1.50 	3
51051	Dickenson	0.61 	4
51053	Dinwiddie	-1.34 	3
51057	Essex	0.48 	4
51059	Fairfax	-1.31 	3
51061	Fauquier	-1.53 	3
51063	Floyd	-1.05 	3
51065	Fluvanna	-0.51 	3
51067	Franklin	1.92 	4
51069	Frederick	-0.38 	3
51071	Giles	0.09 	4
51073	Gloucester	1.27 	4
51075	Goochland	-1.06 	3
51077	Grayson	1.20 	4
51079	Greene	-0.44 	3
51081	Greensville	-0.78 	3
51083	Halifax	0.53 	4
51085	Hanover	-2.08 	3
51087	Henrico	-0.93 	3
51089	Henry	-0.28 	3
51091	Highland	0.30 	4
51093	Isle of wigh	0.51 	4
51095	James city	1.15 	4
51097	King and que	-0.13 	3
51099	King george	-0.17 	3
51101	King william	-0.06 	3
51103	Lancaster	1.33 	4
51105	Lee	-1.36 	3
51107	Loudoun	-0.63 	3
51109	Louisa	-0.68 	3
51111	Lunenburg	-2.17 	3
51113	Madison	-0.76 	3
51115	Mathews	1.11 	4
51117	Mecklenburg	-0.03 	3
51119	Middlesex	1.27 	4
51121	Montgomery	0.27 	4
51125	Nelson	0.36 	4
51127	New kent	0.24 	4
51131	Northampton	1.29 	4
51133	Northumberla	1.19 	4
51135	Nottoway	-1.57 	3
51137	Orange	-0.89 	3
51139	Page	0.94 	4
51141	Patrick	1.27 	4
51143	Pittsylvania	-0.30 	3
51145	Powhatan	-1.85 	3
51147	Prince edwar	-1.67 	3
51149	Prince georg	0.26 	4
51153	Prince willi	-0.94 	3
51155	Pulaski	1.29 	4
51157	Rappahannock	-0.84 	3
51159	Richmond	0.64 	4
51161	Roanoke	0.01 	3
51163	Rockbridge	0.64 	4
51165	Rockingham	1.25 	4
51167	Russell	-0.38 	3
51169	Scott	-0.47 	3
51171	Shenandoah	-0.77 	3
51173	Smyth	-1.55 	3
51175	Southampton	-0.94 	3
51177	Spotsylvania	-0.97 	3
51179	Stafford	-0.12 	3
51181	Surry	0.79 	4
51183	Sussex	-1.11 	3
51185	Tazewell	-0.56 	3
51187	Warren	1.07 	4
51191	Washington	-0.23 	3
51193	Westmoreland	0.25 	4
51195	Wise	0.25 	4
51197	Wythe	0.11 	4
51199	York	1.27 	4
51510	Alexandria	-2.25 	2
51515	Bedford city	1.39 	4
51520	Bristol city	-0.23 	3
51530	Buena vista city	0.64 	4
51540	Charlottesville	-0.02 	3
51550	Chesapeake	0.48 	4
51560	Clifton forge	1.77 	4
51570	Colonial hts city	-0.84 	3
51580	Covington	1.77 	4
51590	Danville city	-0.30 	3
51595	Emporia city	-0.78 	3
51600	Fairfax city	-1.31 	3
51610	Falls church city	-1.31 	3
51620	Franklin city	-0.94 	3
51630	Fredericksburg	-0.97 	3
51640	Galax city	0.67 	4
51650	Hampton city	1.27 	4
51660	Harrisonburg city	1.25 	4
51670	Hopewell city	0.26 	4
51678	Lexington city	0.64 	4
51680	Lynchburg	-0.38 	3
51683	Manassas city	-0.94 	3
51685	Manassas park	-0.94 	3
51690	Martinsville city	-0.28 	3
51700	Newport news	1.27 	4
51710	Norfolk city	0.48 	4
51720	Norton city	0.25 	4
51730	Petersburg city	-1.34 	3
51735	Poquoson city	1.27 	4
51740	Portsmouth city	0.48 	4
51750	Radford city	0.27 	4
51760	Richmond city	-0.93 	3
51770	Roanoke city	0.01 	3
51775	Salem city	0.01 	3
51780	South boston city	0.53 	4
51790	Stauton	-0.12 	3
51800	Suffolk	0.17 	4
51810	Virginia bea	1.18 	4
51820	Waynesboro	-0.12 	3
51830	Williamsburg city	1.15 	4
51840	Winchester city	-0.38 	3
53001	Adams	-1.34 	3
53003	Asotin	1.22 	4
53005	Benton	1.58 	4
53007	Chelan	1.56 	4
53009	Clallam	6.52 	6
53011	Clark	4.25 	5
53013	Columbia	1.84 	4
53015	Cowlitz	4.54 	5
53017	Douglas	0.42 	4
53019	Ferry	2.31 	4
53021	Franklin	-0.39 	3
53023	Garfield	2.31 	4
53025	Grant	0.62 	4
53027	Grays harbor	3.94 	5
53029	Island	3.41 	5
53031	Jefferson	5.31 	6
53033	King	4.53 	5
53035	Kitsap	2.61 	5
53037	Kittitas	3.33 	5
53039	Klickitat	1.97 	4
53041	Lewis	3.40 	5
53043	Lincoln	0.56 	4
53045	Mason	5.20 	6
53047	Okanogan	1.36 	4
53049	Pacific	4.85 	6
53051	Pend oreille	3.33 	5
53053	Pierce	4.62 	6
53055	San juan	4.35 	5
53057	Skagit	4.94 	6
53059	Skamania	-0.04 	3
53061	Snohomish	4.68 	6
53063	Spokane	1.33 	4
53065	Stevens	2.58 	5
53067	Thurston	3.32 	5
53069	Wahkiakum	3.25 	5
53071	Walla walla	1.06 	4
53073	Whatcom	5.26 	6
53075	Whitman	2.23 	4
53077	Yakima	1.48 	4
54001	Barbour	0.22 	4
54003	Berkeley	-0.55 	3
54005	Boone	-1.90 	3
54007	Braxton	-0.55 	3
54009	Brooke	0.38 	4
54011	Cabell	0.11 	4
54013	Calhoun	-2.37 	2
54015	Clay	-0.51 	3
54017	Doddridge	-2.52 	2
54019	Fayette	-0.13 	3
54021	Gilmer	-2.64 	2
54023	Grant	1.46 	4
54025	Greenbrier	-0.20 	3
54027	Hampshire	0.69 	4
54029	Hancock	0.39 	4
54031	Hardy	0.82 	4
54033	Harrison	-1.36 	3
54035	Jackson	-0.08 	3
54037	Jefferson	-1.12 	3
54039	Kanawha	-0.12 	3
54041	Lewis	-0.98 	3
54043	Lincoln	-1.05 	3
54045	Logan	-1.03 	3
54047	Mc dowell	-1.88 	3
54049	Marion	-0.52 	3
54051	Marshall	-0.34 	3
54053	Mason	-0.05 	3
54055	Mercer	-1.67 	3
54057	Mineral	0.68 	4
54059	Mingo	-1.12 	3
54061	Monongalia	-0.07 	3
54063	Monroe	-1.38 	3
54065	Morgan	0.41 	4
54067	Nicholas	0.02 	3
54069	Ohio	-0.13 	3
54071	Pendleton	0.82 	4
54073	Pleasants	-0.12 	3
54075	Pocahontas	-0.42 	3
54077	Preston	-0.84 	3
54079	Putnam	-0.43 	3
54081	Raleigh	-0.13 	3
54083	Randolph	-1.61 	3
54085	Ritchie	-2.42 	2
54087	Roane	-1.66 	3
54089	Summers	0.67 	4
54091	Taylor	-0.01 	3
54093	Tucker	-0.29 	3
54095	Tyler	-0.22 	3
54097	Upshur	-1.52 	3
54099	Wayne	-0.19 	3
54101	Webster	-2.35 	2
54103	Wetzel	-0.91 	3
54105	Wirt	-0.34 	3
54107	Wood	-0.19 	3
54109	Wyoming	-1.37 	3
55001	Adams	-2.43 	2
55003	Ashland	-0.63 	3
55005	Barron	-2.86 	2
55007	Bayfield	-0.56 	3
55009	Brown	-1.36 	3
55011	Buffalo	-1.17 	3
55013	Burnett	-2.24 	2
55015	Calumet	-1.49 	3
55017	Chippewa	-2.36 	2
55019	Clark	-4.34 	2
55021	Columbia	-0.52 	3
55023	Crawford	-0.55 	3
55025	Dane	-0.17 	3
55027	Dodge	-1.83 	3
55029	Door	-0.15 	3
55031	Douglas	-0.66 	3
55033	Dunn	-1.54 	3
55035	Eau claire	-3.16 	2
55037	Florence	-2.61 	2
55039	Fond du lac	-1.92 	3
55041	Forest	-2.56 	2
55043	Grant	-0.46 	3
55045	Green	-2.32 	2
55047	Green lake	-1.58 	3
55049	Iowa	-0.98 	3
55051	Iron	-0.70 	3
55053	Jackson	-0.87 	3
55055	Jefferson	-1.63 	3
55057	Juneau	-0.43 	3
55059	Kenosha	-0.45 	3
55061	Kewaunee	0.17 	4
55063	La crosse	-0.69 	3
55065	Lafayette	-1.53 	3
55067	Langlade	-3.13 	2
55069	Lincoln	-2.98 	2
55071	Manitowoc	-0.37 	3
55073	Marathon	-3.30 	2
55075	Marinette	-2.16 	3
55077	Marquette	-2.25 	2
55078	Menominee	-3.38 	2
55079	Milwaukee	-0.40 	3
55081	Monroe	-1.36 	3
55083	Oconto	-1.95 	3
55085	Oneida	-2.19 	3
55087	Outagamie	-3.35 	2
55089	Ozaukee	-0.39 	3
55091	Pepin	-0.71 	3
55093	Pierce	-1.21 	3
55095	Polk	-2.73 	2
55097	Portage	-2.54 	2
55099	Price	-2.66 	2
55101	Racine	-0.51 	3
55103	Richland	-1.29 	3
55105	Rock	-2.62 	2
55107	Rusk	-2.32 	2
55109	St. Croix	-1.37 	3
55111	Sauk	-1.01 	3
55113	Sawyer	-1.42 	3
55115	Shawano	-3.40 	2
55117	Sheboygan	-0.37 	3
55119	Taylor	-3.39 	2
55121	Trempealeau	-1.42 	3
55123	Vernon	-0.66 	3
55125	Vilas	-1.58 	3
55127	Walworth	-2.46 	2
55129	Washburn	-2.26 	2
55131	Washington	-2.63 	2
55133	Waukesha	-2.11 	3
55135	Waupaca	-2.48 	2
55137	Waushara	-2.61 	2
55139	Winnebago	-1.37 	3
55141	Wood	-2.44 	2
56001	Albany	4.91 	6
56003	Big horn	2.49 	5
56005	Campbell	0.79 	4
56007	Carbon	5.41 	6
56009	Converse	2.86 	5
56011	Crook	2.57 	5
56013	Fremont	3.71 	5
56015	Goshen	2.00 	4
56017	Hot springs	1.08 	4
56019	Johnson	2.78 	5
56021	Laramie	3.05 	5
56023	Lincoln	5.12 	6
56025	Natrona	2.49 	5
56027	Niobrara	-0.01 	3
56029	Park	3.96 	5
56031	Platte	4.10 	5
56033	Sheridan	2.17 	4
56035	Sublette	5.29 	6
56037	Sweetwater	2.63 	5
56039	Teton	5.39 	6
56041	Uinta	3.32 	5
56043	Washakie	1.10 	4
56045	Weston	-0.91 	3
